File,Application Name,Average FPS (Application),Average frame time (ms) (Application),95th-percentile frame time (ms) (Application),99th-percentile frame time (ms) (Application),99.9th-percentile frame time (ms) (Application),Average Estimated Driver Lag (ms),Width,Height,Motherboard,OS,Processor,System RAM,Base Driver Version,Driver Package,GPU #,GPU,GPU Core Clock (MHz),GPU Memory Clock (MHz),GPU Memory (MB)
OCAT-Sam2017.exe-2020-01-22T131313.csv,Sam2017.exe,258.82,3.8637,4.452,4.726,5.232231999999961,8.166789094464887,1920,1080,"Micro-Star International Co., Ltd. B450M MORTAR (MS-7B89)",Windows 10 Home 1909 (OS Build 18362.1.amd64fre.19h1_release.190318-1202),AMD Ryzen 7 2700X Eight-Core Processor,16 GB DDR4 3000 MT/s,NA,NA,1,NVIDIA GeForce RTX 2060,0,-,0
OCAT-Sam2017.exe-2020-01-22T131842.csv,Sam2017.exe,258.18,3.8733,4.398,4.762,5.105275999999955,8.12201300091574,1920,1080,"Micro-Star International Co., Ltd. B450M MORTAR (MS-7B89)",Windows 10 Home 1909 (OS Build 18362.1.amd64fre.19h1_release.190318-1202),AMD Ryzen 7 2700X Eight-Core Processor,16 GB DDR4 3000 MT/s,NA,NA,1,NVIDIA GeForce RTX 2060,0,-,0
OCAT-Sam2017.exe-2020-01-22T132417.csv,Sam2017.exe,260.18,3.8434,4.454,4.824,5.301,8.199275287731561,1920,1080,"Micro-Star International Co., Ltd. B450M MORTAR (MS-7B89)",Windows 10 Home 1909 (OS Build 18362.1.amd64fre.19h1_release.190318-1202),AMD Ryzen 7 2700X Eight-Core Processor,16 GB DDR4 3000 MT/s,NA,NA,1,NVIDIA GeForce RTX 2060,0,-,0
OCAT-Sam2017.exe-2020-01-22T132943.csv,Sam2017.exe,256.67,3.896,4.441,4.79,5.25383600000001,8.379745170789928,1920,1080,"Micro-Star International Co., Ltd. B450M MORTAR (MS-7B89)",Windows 10 Home 1909 (OS Build 18362.1.amd64fre.19h1_release.190318-1202),AMD Ryzen 7 2700X Eight-Core Processor,16 GB DDR4 3000 MT/s,NA,NA,1,NVIDIA GeForce RTX 2060,0,-,0
OCAT-Sam2017.exe-2020-01-22T133524.csv,Sam2017.exe,257.72,3.8802,4.51,4.835,5.282629999999976,8.331633572794459,1920,1080,"Micro-Star International Co., Ltd. B450M MORTAR (MS-7B89)",Windows 10 Home 1909 (OS Build 18362.1.amd64fre.19h1_release.190318-1202),AMD Ryzen 7 2700X Eight-Core Processor,16 GB DDR4 3000 MT/s,NA,NA,1,NVIDIA GeForce RTX 2060,0,-,0

OCAT-Sam2017.exe-2020-01-22T134105.csv,Sam2017.exe,261.2,3.8285,4.399,4.647,5.106814999999973,8.079546469823299,1920,1080,"Micro-Star International Co., Ltd. B450M MORTAR (MS-7B89)",Windows 10 Home 1909 (OS Build 18362.1.amd64fre.19h1_release.190318-1202),AMD Ryzen 7 2700X Eight-Core Processor,16 GB DDR4 3000 MT/s,NA,NA,1,NVIDIA GeForce RTX 2060,0,-,0
OCAT-Sam2017.exe-2020-01-22T134630.csv,Sam2017.exe,256.82,3.8938,4.417,4.682,5.0410559999999816,8.200220879420117,1920,1080,"Micro-Star International Co., Ltd. B450M MORTAR (MS-7B89)",Windows 10 Home 1909 (OS Build 18362.1.amd64fre.19h1_release.190318-1202),AMD Ryzen 7 2700X Eight-Core Processor,16 GB DDR4 3000 MT/s,NA,NA,1,NVIDIA GeForce RTX 2060,0,-,0
OCAT-Sam2017.exe-2020-01-22T135157.csv,Sam2017.exe,260.95,3.8322,4.4476999999999975,4.772339999999996,5.128268000000011,8.114674339964527,1920,1080,"Micro-Star International Co., Ltd. B450M MORTAR (MS-7B89)",Windows 10 Home 1909 (OS Build 18362.1.amd64fre.19h1_release.190318-1202),AMD Ryzen 7 2700X Eight-Core Processor,16 GB DDR4 3000 MT/s,NA,NA,1,NVIDIA GeForce RTX 2060,0,-,0
OCAT-Sam2017.exe-2020-01-22T135723.csv,Sam2017.exe,252.94,3.9535,4.498,4.788,5.242039999999994,8.225615157778334,1920,1080,"Micro-Star International Co., Ltd. B450M MORTAR (MS-7B89)",Windows 10 Home 1909 (OS Build 18362.1.amd64fre.19h1_release.190318-1202),AMD Ryzen 7 2700X Eight-Core Processor,16 GB DDR4 3000 MT/s,NA,NA,1,NVIDIA GeForce RTX 2060,0,-,0
OCAT-Sam2017.exe-2020-01-22T140250.csv,Sam2017.exe,260.14,3.844,4.401,4.7765,5.237875000000001,8.392513043033048,1920,1080,"Micro-Star International Co., Ltd. B450M MORTAR (MS-7B89)",Windows 10 Home 1909 (OS Build 18362.1.amd64fre.19h1_release.190318-1202),AMD Ryzen 7 2700X Eight-Core Processor,16 GB DDR4 3000 MT/s,NA,NA,1,NVIDIA GeForce RTX 2060,0,-,0

OCAT-Sam2017.exe-2020-01-22T141441.csv,Sam2017.exe,257.95,3.8768,4.399,4.725,5.155221999999981,8.341218591862026,1920,1080,"Micro-Star International Co., Ltd. B450M MORTAR (MS-7B89)",Windows 10 Home 1909 (OS Build 18362.1.amd64fre.19h1_release.190318-1202),AMD Ryzen 7 2700X Eight-Core Processor,16 GB DDR4 3000 MT/s,NA,NA,1,NVIDIA GeForce RTX 2060,0,-,0
OCAT-Sam2017.exe-2020-01-22T142017.csv,Sam2017.exe,255.86,3.9084,4.457,4.947,5.383647999999986,8.370785421465662,1920,1080,"Micro-Star International Co., Ltd. B450M MORTAR (MS-7B89)",Windows 10 Home 1909 (OS Build 18362.1.amd64fre.19h1_release.190318-1202),AMD Ryzen 7 2700X Eight-Core Processor,16 GB DDR4 3000 MT/s,NA,NA,1,NVIDIA GeForce RTX 2060,0,-,0
OCAT-Sam2017.exe-2020-01-22T142543.csv,Sam2017.exe,254.18,3.9343,4.577,4.94,5.3353360000000105,8.329389896899112,1920,1080,"Micro-Star International Co., Ltd. B450M MORTAR (MS-7B89)",Windows 10 Home 1909 (OS Build 18362.1.amd64fre.19h1_release.190318-1202),AMD Ryzen 7 2700X Eight-Core Processor,16 GB DDR4 3000 MT/s,NA,NA,1,NVIDIA GeForce RTX 2060,0,-,0
OCAT-Sam2017.exe-2020-01-22T143110.csv,Sam2017.exe,253.89,3.9386,4.45,4.898,5.299020000000018,8.237172468063898,1920,1080,"Micro-Star International Co., Ltd. B450M MORTAR (MS-7B89)",Windows 10 Home 1909 (OS Build 18362.1.amd64fre.19h1_release.190318-1202),AMD Ryzen 7 2700X Eight-Core Processor,16 GB DDR4 3000 MT/s,NA,NA,1,NVIDIA GeForce RTX 2060,0,-,0
OCAT-Sam2017.exe-2020-01-22T143637.csv,Sam2017.exe,253.78,3.9403,4.463,4.822,5.480564999999988,8.3286026822035,1920,1080,"Micro-Star International Co., Ltd. B450M MORTAR (MS-7B89)",Windows 10 Home 1909 (OS Build 18362.1.amd64fre.19h1_release.190318-1202),AMD Ryzen 7 2700X Eight-Core Processor,16 GB DDR4 3000 MT/s,NA,NA,1,NVIDIA GeForce RTX 2060,0,-,0

OCAT-Sam2017.exe-2020-01-22T144248.csv,Sam2017.exe,255.61,3.9122,4.493,4.952279999999999,5.595456000000006,8.235314159926016,1920,1080,"Micro-Star International Co., Ltd. B450M MORTAR (MS-7B89)",Windows 10 Home 1909 (OS Build 18362.1.amd64fre.19h1_release.190318-1202),AMD Ryzen 7 2700X Eight-Core Processor,16 GB DDR4 3000 MT/s,NA,NA,1,NVIDIA GeForce RTX 2060,0,-,0
OCAT-Sam2017.exe-2020-01-22T144814.csv,Sam2017.exe,256.07,3.9052,4.517,4.916020000000004,5.341101999999999,8.33771284412021,1920,1080,"Micro-Star International Co., Ltd. B450M MORTAR (MS-7B89)",Windows 10 Home 1909 (OS Build 18362.1.amd64fre.19h1_release.190318-1202),AMD Ryzen 7 2700X Eight-Core Processor,16 GB DDR4 3000 MT/s,NA,NA,1,NVIDIA GeForce RTX 2060,0,-,0
OCAT-Sam2017.exe-2020-01-22T145341.csv,Sam2017.exe,251.04,3.9835,4.542,4.967,5.381611000000005,8.3204874519167,1920,1080,"Micro-Star International Co., Ltd. B450M MORTAR (MS-7B89)",Windows 10 Home 1909 (OS Build 18362.1.amd64fre.19h1_release.190318-1202),AMD Ryzen 7 2700X Eight-Core Processor,16 GB DDR4 3000 MT/s,NA,NA,1,NVIDIA GeForce RTX 2060,0,-,0
OCAT-Sam2017.exe-2020-01-22T145910.csv,Sam2017.exe,252.43,3.9614,4.531,5.007850000000006,5.355184999999998,8.326977102458583,1920,1080,"Micro-Star International Co., Ltd. B450M MORTAR (MS-7B89)",Windows 10 Home 1909 (OS Build 18362.1.amd64fre.19h1_release.190318-1202),AMD Ryzen 7 2700X Eight-Core Processor,16 GB DDR4 3000 MT/s,NA,NA,1,NVIDIA GeForce RTX 2060,0,-,0
OCAT-Sam2017.exe-2020-01-22T150438.csv,Sam2017.exe,253.74,3.9411,4.473,4.984,5.411010000000068,8.256733372703412,1920,1080,"Micro-Star International Co., Ltd. B450M MORTAR (MS-7B89)",Windows 10 Home 1909 (OS Build 18362.1.amd64fre.19h1_release.190318-1202),AMD Ryzen 7 2700X Eight-Core Processor,16 GB DDR4 3000 MT/s,NA,NA,1,NVIDIA GeForce RTX 2060,0,-,0

OCAT-Sam2017.exe-2020-01-22T151014.csv,Sam2017.exe,254.75,3.9254,4.464,4.926949999999997,5.520979999999981,8.670593352155386,1920,1080,"Micro-Star International Co., Ltd. B450M MORTAR (MS-7B89)",Windows 10 Home 1909 (OS Build 18362.1.amd64fre.19h1_release.190318-1202),AMD Ryzen 7 2700X Eight-Core Processor,16 GB DDR4 3000 MT/s,NA,NA,1,NVIDIA GeForce RTX 2060,0,-,0
OCAT-Sam2017.exe-2020-01-22T152103.csv,Sam2017.exe,255.45,3.9146,4.455,4.890660000000003,5.345,8.526102000390956,1920,1080,"Micro-Star International Co., Ltd. B450M MORTAR (MS-7B89)",Windows 10 Home 1909 (OS Build 18362.1.amd64fre.19h1_release.190318-1202),AMD Ryzen 7 2700X Eight-Core Processor,16 GB DDR4 3000 MT/s,NA,NA,1,NVIDIA GeForce RTX 2060,0,-,0
OCAT-Sam2017.exe-2020-01-22T152628.csv,Sam2017.exe,254.59,3.9278,4.468,5.026,5.612946000000113,8.575583823798686,1920,1080,"Micro-Star International Co., Ltd. B450M MORTAR (MS-7B89)",Windows 10 Home 1909 (OS Build 18362.1.amd64fre.19h1_release.190318-1202),AMD Ryzen 7 2700X Eight-Core Processor,16 GB DDR4 3000 MT/s,NA,NA,1,NVIDIA GeForce RTX 2060,0,-,0
OCAT-Sam2017.exe-2020-01-22T153152.csv,Sam2017.exe,254.51,3.9291,4.516199999999997,4.995,5.375,8.318486335151825,1920,1080,"Micro-Star International Co., Ltd. B450M MORTAR (MS-7B89)",Windows 10 Home 1909 (OS Build 18362.1.amd64fre.19h1_release.190318-1202),AMD Ryzen 7 2700X Eight-Core Processor,16 GB DDR4 3000 MT/s,NA,NA,1,NVIDIA GeForce RTX 2060,0,-,0
OCAT-Sam2017.exe-2020-01-22T153729.csv,Sam2017.exe,253.55,3.9439,4.512,4.982,5.531279999999999,8.457730382822247,1920,1080,"Micro-Star International Co., Ltd. B450M MORTAR (MS-7B89)",Windows 10 Home 1909 (OS Build 18362.1.amd64fre.19h1_release.190318-1202),AMD Ryzen 7 2700X Eight-Core Processor,16 GB DDR4 3000 MT/s,NA,NA,1,NVIDIA GeForce RTX 2060,0,-,0
