File,Application Name,Average FPS (Application),Average frame time (ms) (Application),95th-percentile frame time (ms) (Application),99th-percentile frame time (ms) (Application),99.9th-percentile frame time (ms) (Application),Average Estimated Driver Lag (ms),Width,Height,Motherboard,OS,Processor,System RAM,Base Driver Version,Driver Package,GPU #,GPU,GPU Core Clock (MHz),GPU Memory Clock (MHz),GPU Memory (MB)
OCAT-Sam2017.exe-2020-01-23T150204.csv,Sam2017.exe,276.12,3.6216,4.191,4.551,5.028295999999973,7.381981706802368,1680,1050,"Micro-Star International Co., Ltd. B450M MORTAR (MS-7B89)",Windows 10 Home 1909 (OS Build 18362.1.amd64fre.19h1_release.190318-1202),AMD Ryzen 7 2700X Eight-Core Processor,16 GB DDR4 3000 MT/s,NA,NA,1,NVIDIA GeForce RTX 2060,0,-,0
OCAT-Sam2017.exe-2020-01-23T150732.csv,Sam2017.exe,283.85,3.523,4.088,4.364,4.836488000000012,7.291287436808708,1680,1050,"Micro-Star International Co., Ltd. B450M MORTAR (MS-7B89)",Windows 10 Home 1909 (OS Build 18362.1.amd64fre.19h1_release.190318-1202),AMD Ryzen 7 2700X Eight-Core Processor,16 GB DDR4 3000 MT/s,NA,NA,1,NVIDIA GeForce RTX 2060,0,-,0
OCAT-Sam2017.exe-2020-01-23T151259.csv,Sam2017.exe,274.88,3.6379,4.156,4.421,4.815448999999994,7.616678663145653,1680,1050,"Micro-Star International Co., Ltd. B450M MORTAR (MS-7B89)",Windows 10 Home 1909 (OS Build 18362.1.amd64fre.19h1_release.190318-1202),AMD Ryzen 7 2700X Eight-Core Processor,16 GB DDR4 3000 MT/s,NA,NA,1,NVIDIA GeForce RTX 2060,0,-,0
OCAT-Sam2017.exe-2020-01-23T151830.csv,Sam2017.exe,275.76,3.6264,4.223,4.486,4.931764000000025,7.529365909914262,1680,1050,"Micro-Star International Co., Ltd. B450M MORTAR (MS-7B89)",Windows 10 Home 1909 (OS Build 18362.1.amd64fre.19h1_release.190318-1202),AMD Ryzen 7 2700X Eight-Core Processor,16 GB DDR4 3000 MT/s,NA,NA,1,NVIDIA GeForce RTX 2060,0,-,0
OCAT-Sam2017.exe-2020-01-23T152359.csv,Sam2017.exe,273.64,3.6544,4.138,4.393,4.765,7.505379415665803,1680,1050,"Micro-Star International Co., Ltd. B450M MORTAR (MS-7B89)",Windows 10 Home 1909 (OS Build 18362.1.amd64fre.19h1_release.190318-1202),AMD Ryzen 7 2700X Eight-Core Processor,16 GB DDR4 3000 MT/s,NA,NA,1,NVIDIA GeForce RTX 2060,0,-,0

OCAT-Sam2017.exe-2020-01-23T152943.csv,Sam2017.exe,274.69,3.6404,4.219,4.489,4.937039999999979,7.481172879465639,1680,1050,"Micro-Star International Co., Ltd. B450M MORTAR (MS-7B89)",Windows 10 Home 1909 (OS Build 18362.1.amd64fre.19h1_release.190318-1202),AMD Ryzen 7 2700X Eight-Core Processor,16 GB DDR4 3000 MT/s,NA,NA,1,NVIDIA GeForce RTX 2060,0,-,0
OCAT-Sam2017.exe-2020-01-23T153515.csv,Sam2017.exe,273.56,3.6555,4.23,4.479,4.886391999999992,7.52606248098061,1680,1050,"Micro-Star International Co., Ltd. B450M MORTAR (MS-7B89)",Windows 10 Home 1909 (OS Build 18362.1.amd64fre.19h1_release.190318-1202),AMD Ryzen 7 2700X Eight-Core Processor,16 GB DDR4 3000 MT/s,NA,NA,1,NVIDIA GeForce RTX 2060,0,-,0
OCAT-Sam2017.exe-2020-01-23T154041.csv,Sam2017.exe,276.74,3.6135,4.225,4.516,4.962513999999967,7.523905960376496,1680,1050,"Micro-Star International Co., Ltd. B450M MORTAR (MS-7B89)",Windows 10 Home 1909 (OS Build 18362.1.amd64fre.19h1_release.190318-1202),AMD Ryzen 7 2700X Eight-Core Processor,16 GB DDR4 3000 MT/s,NA,NA,1,NVIDIA GeForce RTX 2060,0,-,0
OCAT-Sam2017.exe-2020-01-23T154609.csv,Sam2017.exe,274.31,3.6455,4.174,4.53,5.550618000000002,7.7842968088076425,1680,1050,"Micro-Star International Co., Ltd. B450M MORTAR (MS-7B89)",Windows 10 Home 1909 (OS Build 18362.1.amd64fre.19h1_release.190318-1202),AMD Ryzen 7 2700X Eight-Core Processor,16 GB DDR4 3000 MT/s,NA,NA,1,NVIDIA GeForce RTX 2060,0,-,0
OCAT-Sam2017.exe-2020-01-23T155140.csv,Sam2017.exe,272.88,3.6646,4.258,4.513,5.039232000000018,7.579397239544561,1680,1050,"Micro-Star International Co., Ltd. B450M MORTAR (MS-7B89)",Windows 10 Home 1909 (OS Build 18362.1.amd64fre.19h1_release.190318-1202),AMD Ryzen 7 2700X Eight-Core Processor,16 GB DDR4 3000 MT/s,NA,NA,1,NVIDIA GeForce RTX 2060,0,-,0

OCAT-Sam2017.exe-2020-01-23T155726.csv,Sam2017.exe,276.57,3.6157,4.152,4.472,4.9668740000000104,7.593460139169797,1680,1050,"Micro-Star International Co., Ltd. B450M MORTAR (MS-7B89)",Windows 10 Home 1909 (OS Build 18362.1.amd64fre.19h1_release.190318-1202),AMD Ryzen 7 2700X Eight-Core Processor,16 GB DDR4 3000 MT/s,NA,NA,1,NVIDIA GeForce RTX 2060,0,-,0
OCAT-Sam2017.exe-2020-01-23T160254.csv,Sam2017.exe,272.76,3.6662,4.191,4.407,4.903,7.474974314211419,1680,1050,"Micro-Star International Co., Ltd. B450M MORTAR (MS-7B89)",Windows 10 Home 1909 (OS Build 18362.1.amd64fre.19h1_release.190318-1202),AMD Ryzen 7 2700X Eight-Core Processor,16 GB DDR4 3000 MT/s,NA,NA,1,NVIDIA GeForce RTX 2060,0,-,0
OCAT-Sam2017.exe-2020-01-23T160819.csv,Sam2017.exe,272.71,3.6669,4.152,4.362210000000006,4.774846999999994,7.53767843185149,1680,1050,"Micro-Star International Co., Ltd. B450M MORTAR (MS-7B89)",Windows 10 Home 1909 (OS Build 18362.1.amd64fre.19h1_release.190318-1202),AMD Ryzen 7 2700X Eight-Core Processor,16 GB DDR4 3000 MT/s,NA,NA,1,NVIDIA GeForce RTX 2060,0,-,0
OCAT-Sam2017.exe-2020-01-23T161344.csv,Sam2017.exe,273.54,3.6558,4.215,4.411,4.805573999999979,7.484958706158772,1680,1050,"Micro-Star International Co., Ltd. B450M MORTAR (MS-7B89)",Windows 10 Home 1909 (OS Build 18362.1.amd64fre.19h1_release.190318-1202),AMD Ryzen 7 2700X Eight-Core Processor,16 GB DDR4 3000 MT/s,NA,NA,1,NVIDIA GeForce RTX 2060,0,-,0
OCAT-Sam2017.exe-2020-01-23T161909.csv,Sam2017.exe,275.7,3.6271,4.205,4.45,4.913199999999983,7.540150203499958,1680,1050,"Micro-Star International Co., Ltd. B450M MORTAR (MS-7B89)",Windows 10 Home 1909 (OS Build 18362.1.amd64fre.19h1_release.190318-1202),AMD Ryzen 7 2700X Eight-Core Processor,16 GB DDR4 3000 MT/s,NA,NA,1,NVIDIA GeForce RTX 2060,0,-,0

OCAT-Sam2017.exe-2020-01-23T162452.csv,Sam2017.exe,274.29,3.6458,4.199,4.496,5.072495999999985,7.72766289134103,1680,1050,"Micro-Star International Co., Ltd. B450M MORTAR (MS-7B89)",Windows 10 Home 1909 (OS Build 18362.1.amd64fre.19h1_release.190318-1202),AMD Ryzen 7 2700X Eight-Core Processor,16 GB DDR4 3000 MT/s,NA,NA,1,NVIDIA GeForce RTX 2060,0,-,0
OCAT-Sam2017.exe-2020-01-23T163025.csv,Sam2017.exe,271.76,3.6797,4.272,4.575,5.166889999999956,7.82291783071117,1680,1050,"Micro-Star International Co., Ltd. B450M MORTAR (MS-7B89)",Windows 10 Home 1909 (OS Build 18362.1.amd64fre.19h1_release.190318-1202),AMD Ryzen 7 2700X Eight-Core Processor,16 GB DDR4 3000 MT/s,NA,NA,1,NVIDIA GeForce RTX 2060,0,-,0
OCAT-Sam2017.exe-2020-01-23T163550.csv,Sam2017.exe,273.53,3.6558,4.183,4.542580000000002,5.111715999999985,7.714949551392085,1680,1050,"Micro-Star International Co., Ltd. B450M MORTAR (MS-7B89)",Windows 10 Home 1909 (OS Build 18362.1.amd64fre.19h1_release.190318-1202),AMD Ryzen 7 2700X Eight-Core Processor,16 GB DDR4 3000 MT/s,NA,NA,1,NVIDIA GeForce RTX 2060,0,-,0
OCAT-Sam2017.exe-2020-01-23T164116.csv,Sam2017.exe,271.42,3.6844,4.318,4.695,5.259490999999994,7.681880370506686,1680,1050,"Micro-Star International Co., Ltd. B450M MORTAR (MS-7B89)",Windows 10 Home 1909 (OS Build 18362.1.amd64fre.19h1_release.190318-1202),AMD Ryzen 7 2700X Eight-Core Processor,16 GB DDR4 3000 MT/s,NA,NA,1,NVIDIA GeForce RTX 2060,0,-,0
OCAT-Sam2017.exe-2020-01-23T164641.csv,Sam2017.exe,274.73,3.64,4.218,4.58,5.049498000000007,7.5808169884731464,1680,1050,"Micro-Star International Co., Ltd. B450M MORTAR (MS-7B89)",Windows 10 Home 1909 (OS Build 18362.1.amd64fre.19h1_release.190318-1202),AMD Ryzen 7 2700X Eight-Core Processor,16 GB DDR4 3000 MT/s,NA,NA,1,NVIDIA GeForce RTX 2060,0,-,0

OCAT-Sam2017.exe-2020-01-23T165231.csv,Sam2017.exe,273.59,3.6551,4.217699999999997,4.564,5.041834000000002,7.594523275767644,1680,1050,"Micro-Star International Co., Ltd. B450M MORTAR (MS-7B89)",Windows 10 Home 1909 (OS Build 18362.1.amd64fre.19h1_release.190318-1202),AMD Ryzen 7 2700X Eight-Core Processor,16 GB DDR4 3000 MT/s,NA,NA,1,NVIDIA GeForce RTX 2060,0,-,0
OCAT-Sam2017.exe-2020-01-23T165754.csv,Sam2017.exe,274.37,3.6447,4.151,4.512,5.053,7.686863611539255,1680,1050,"Micro-Star International Co., Ltd. B450M MORTAR (MS-7B89)",Windows 10 Home 1909 (OS Build 18362.1.amd64fre.19h1_release.190318-1202),AMD Ryzen 7 2700X Eight-Core Processor,16 GB DDR4 3000 MT/s,NA,NA,1,NVIDIA GeForce RTX 2060,0,-,0
OCAT-Sam2017.exe-2020-01-23T170318.csv,Sam2017.exe,276.14,3.6213,4.255,4.5947899999999935,5.102552999999986,7.555385555099973,1680,1050,"Micro-Star International Co., Ltd. B450M MORTAR (MS-7B89)",Windows 10 Home 1909 (OS Build 18362.1.amd64fre.19h1_release.190318-1202),AMD Ryzen 7 2700X Eight-Core Processor,16 GB DDR4 3000 MT/s,NA,NA,1,NVIDIA GeForce RTX 2060,0,-,0
OCAT-Sam2017.exe-2020-01-23T170842.csv,Sam2017.exe,274.88,3.6379,4.241,4.626,5.292456999999995,7.618901870517542,1680,1050,"Micro-Star International Co., Ltd. B450M MORTAR (MS-7B89)",Windows 10 Home 1909 (OS Build 18362.1.amd64fre.19h1_release.190318-1202),AMD Ryzen 7 2700X Eight-Core Processor,16 GB DDR4 3000 MT/s,NA,NA,1,NVIDIA GeForce RTX 2060,0,-,0
OCAT-Sam2017.exe-2020-01-23T171408.csv,Sam2017.exe,277.19,3.6076,4.164,4.471,4.855751999999994,7.695360412737691,1680,1050,"Micro-Star International Co., Ltd. B450M MORTAR (MS-7B89)",Windows 10 Home 1909 (OS Build 18362.1.amd64fre.19h1_release.190318-1202),AMD Ryzen 7 2700X Eight-Core Processor,16 GB DDR4 3000 MT/s,NA,NA,1,NVIDIA GeForce RTX 2060,0,-,0
