Type, Run, Ratio, Test1, Test2
1280x720, 1, 4:3, 127.08, 102.08
1280x720, 1, 5:4, 120.05, 97.21
1280x720, 1, 16:10, 122.52, 96.85
1280x720, 1, 16:9, 129.80, 102.86
1280x720, 1, 21:9, 123.03, 99.29
1280x720, 1, 9:16, 123.21, 104.60
1280x720, 10, 4:3, 121.16, 96.67
1280x720, 10, 5:4, 119.29, 97.20
1280x720, 10, 16:10, 122.29, 96.43
1280x720, 10, 16:9, 119.84, 96.04
1280x720, 10, 21:9, 117.63, 94.71
1280x720, 10, 9:16, 116.82, 98.74
1280x720, 11, 4:3, 120.36, 96.61
1280x720, 11, 5:4, 119.99, 97.21
1280x720, 11, 16:10, 121.91, 96.09
1280x720, 11, 16:9, 119.80, 96.11
1280x720, 11, 21:9, 117.55, 95.16
1280x720, 11, 9:16, 116.49, 98.92
1280x720, 12, 4:3, 119.93, 96.59
1280x720, 12, 5:4, 119.53, 96.86
1280x720, 12, 16:10, 121.81, 96.38
1280x720, 12, 16:9, 119.25, 96.11
1280x720, 12, 21:9, 117.56, 94.72
1280x720, 12, 9:16, 117.22, 98.80
1280x720, 13, 4:3, 120.23, 96.22
1280x720, 13, 5:4, 120.22, 97.34
1280x720, 13, 16:10, 122.70, 96.67
1280x720, 13, 16:9, 120.05, 95.99
1280x720, 13, 21:9, 117.47, 94.91
1280x720, 13, 9:16, 116.74, 98.56
1280x720, 14, 4:3, 120.87, 96.67
1280x720, 14, 5:4, 119.95, 96.85
1280x720, 14, 16:10, 121.83, 96.35
1280x720, 14, 16:9, 119.73, 96.01
1280x720, 14, 21:9, 117.96, 94.85
1280x720, 14, 9:16, 117.33, 98.99
1280x720, 15, 4:3, 120.39, 96.73
1280x720, 15, 5:4, 119.72, 97.17
1280x720, 15, 16:10, 121.91, 96.26
1280x720, 15, 16:9, 119.83, 96.07
1280x720, 15, 21:9, 117.61, 94.89
1280x720, 15, 9:16, 116.88, 99.05
1280x720, 2, 4:3, 124.25, 99.22
1280x720, 2, 5:4, 119.54, 97.37
1280x720, 2, 16:10, 121.99, 96.75
1280x720, 2, 16:9, 125.49, 99.58
1280x720, 2, 21:9, 119.68, 96.38
1280x720, 2, 9:16, 120.17, 101.17
1280x720, 3, 4:3, 121.56, 97.62
1280x720, 3, 5:4, 120.08, 97.15
1280x720, 3, 16:10, 121.85, 96.96
1280x720, 3, 16:9, 122.07, 97.61
1280x720, 3, 21:9, 118.37, 95.64
1280x720, 3, 9:16, 118.22, 99.68
1280x720, 4, 4:3, 120.62, 97.17
1280x720, 4, 5:4, 120.19, 97.12
1280x720, 4, 16:10, 122.42, 96.66
1280x720, 4, 16:9, 121.18, 96.65
1280x720, 4, 21:9, 118.14, 95.42
1280x720, 4, 9:16, 117.65, 99.32
1280x720, 5, 4:3, 120.58, 96.59
1280x720, 5, 5:4, 120.71, 97.16
1280x720, 5, 16:10, 123.05, 96.86
1280x720, 5, 16:9, 120.93, 97.04
1280x720, 5, 21:9, 117.90, 95.25
1280x720, 5, 9:16, 117.02, 99.07
1280x720, 6, 4:3, 120.18, 96.52
1280x720, 6, 5:4, 119.73, 97.61
1280x720, 6, 16:10, 122.29, 96.78
1280x720, 6, 16:9, 120.80, 96.41
1280x720, 6, 21:9, 117.93, 95.23
1280x720, 6, 9:16, 117.15, 98.89
1280x720, 7, 4:3, 120.63, 96.58
1280x720, 7, 5:4, 119.73, 96.92
1280x720, 7, 16:10, 122.26, 96.38
1280x720, 7, 16:9, 120.02, 96.42
1280x720, 7, 21:9, 117.87, 95.34
1280x720, 7, 9:16, 117.24, 99.08
1280x720, 8, 4:3, 120.23, 96.76
1280x720, 8, 5:4, 119.58, 97.07
1280x720, 8, 16:10, 122.01, 96.72
1280x720, 8, 16:9, 119.95, 96.24
1280x720, 8, 21:9, 117.13, 95.05
1280x720, 8, 9:16, 116.68, 99.08
1280x720, 9, 4:3, 120.91, 96.60
1280x720, 9, 5:4, 119.52, 97.06
1280x720, 9, 16:10, 121.81, 96.56
1280x720, 9, 16:9, 119.82, 96.02
1280x720, 9, 21:9, 117.36, 94.93
1280x720, 9, 9:16, 116.48, 98.56
1600x900, 1, 4:3, 96.27, 80.41
1600x900, 1, 5:4, 90.86, 76.55
1600x900, 1, 16:10, 93.69, 77.93
1600x900, 1, 16:9, 100.30, 82.53
1600x900, 1, 21:9, 96.48, 80.35
1600x900, 1, 9:16, 95.02, 83.85
1600x900, 10, 4:3, 91.36, 76.98
1600x900, 10, 5:4, 91.15, 76.46
1600x900, 10, 16:10, 93.73, 78.20
1600x900, 10, 16:9, 94.15, 78.59
1600x900, 10, 21:9, 93.30, 78.37
1600x900, 10, 9:16, 91.28, 80.92
1600x900, 11, 4:3, 91.33, 76.93
1600x900, 11, 5:4, 91.22, 76.45
1600x900, 11, 16:10, 94.21, 78.16
1600x900, 11, 16:9, 94.14, 78.66
1600x900, 11, 21:9, 93.04, 78.38
1600x900, 11, 9:16, 91.13, 80.72
1600x900, 12, 4:3, 91.78, 77.18
1600x900, 12, 5:4, 91.24, 76.65
1600x900, 12, 16:10, 93.91, 78.41
1600x900, 12, 16:9, 94.35, 78.42
1600x900, 12, 21:9, 93.40, 78.29
1600x900, 12, 9:16, 91.08, 80.99
1600x900, 13, 4:3, 91.51, 76.85
1600x900, 13, 5:4, 91.32, 76.66
1600x900, 13, 16:10, 94.35, 78.28
1600x900, 13, 16:9, 94.40, 78.36
1600x900, 13, 21:9, 93.33, 78.26
1600x900, 13, 9:16, 91.42, 81.08
1600x900, 14, 4:3, 91.80, 77.04
1600x900, 14, 5:4, 91.61, 76.53
1600x900, 14, 16:10, 93.66, 78.18
1600x900, 14, 16:9, 93.97, 78.52
1600x900, 14, 21:9, 93.57, 78.37
1600x900, 14, 9:16, 91.27, 80.76
1600x900, 15, 4:3, 91.45, 77.06
1600x900, 15, 5:4, 90.95, 76.47
1600x900, 15, 16:10, 94.18, 78.31
1600x900, 15, 16:9, 94.11, 78.61
1600x900, 15, 21:9, 93.62, 78.29
1600x900, 15, 9:16, 91.44, 81.01
1600x900, 2, 4:3, 93.33, 77.94
1600x900, 2, 5:4, 91.06, 76.62
1600x900, 2, 16:10, 93.70, 78.21
1600x900, 2, 16:9, 96.90, 79.86
1600x900, 2, 21:9, 93.72, 78.64
1600x900, 2, 9:16, 92.42, 81.45
1600x900, 3, 4:3, 91.51, 77.33
1600x900, 3, 5:4, 90.98, 76.56
1600x900, 3, 16:10, 94.11, 78.33
1600x900, 3, 16:9, 94.86, 78.61
1600x900, 3, 21:9, 93.64, 78.65
1600x900, 3, 9:16, 91.33, 81.21
1600x900, 4, 4:3, 91.55, 77.15
1600x900, 4, 5:4, 91.06, 76.64
1600x900, 4, 16:10, 94.06, 78.42
1600x900, 4, 16:9, 94.51, 78.55
1600x900, 4, 21:9, 92.97, 78.55
1600x900, 4, 9:16, 91.41, 80.96
1600x900, 5, 4:3, 91.62, 77.09
1600x900, 5, 5:4, 91.24, 76.57
1600x900, 5, 16:10, 94.23, 78.10
1600x900, 5, 16:9, 93.95, 78.62
1600x900, 5, 21:9, 93.13, 78.43
1600x900, 5, 9:16, 91.36, 81.08
1600x900, 6, 4:3, 91.59, 77.00
1600x900, 6, 5:4, 90.99, 76.38
1600x900, 6, 16:10, 93.69, 77.90
1600x900, 6, 16:9, 94.16, 78.58
1600x900, 6, 21:9, 93.42, 78.45
1600x900, 6, 9:16, 91.08, 80.96
1600x900, 7, 4:3, 91.48, 76.94
1600x900, 7, 5:4, 91.05, 76.47
1600x900, 7, 16:10, 93.71, 78.20
1600x900, 7, 16:9, 94.19, 78.47
1600x900, 7, 21:9, 93.26, 78.36
1600x900, 7, 9:16, 91.28, 80.80
1600x900, 8, 4:3, 91.23, 76.84
1600x900, 8, 5:4, 91.10, 76.62
1600x900, 8, 16:10, 94.22, 78.26
1600x900, 8, 16:9, 94.23, 78.42
1600x900, 8, 21:9, 93.10, 78.42
1600x900, 8, 9:16, 91.60, 80.91
1600x900, 9, 4:3, 91.57, 76.74
1600x900, 9, 5:4, 91.17, 76.72
1600x900, 9, 16:10, 93.91, 78.27
1600x900, 9, 16:9, 94.08, 78.56
1600x900, 9, 21:9, 93.21, 78.46
1600x900, 9, 9:16, 91.02, 80.99
1920x1080, 1, 4:3, 72.24, 62.24
1920x1080, 1, 5:4, 72.45, 62.25
1920x1080, 1, 16:10, 72.95, 61.94
1920x1080, 1, 16:9, 72.48, 61.98
1920x1080, 1, 21:9, 73.81, 63.67
1920x1080, 1, 9:16, 70.98, 64.01
1920x1080, 10, 4:3, 72.57, 62.55
1920x1080, 10, 5:4, 72.04, 61.76
1920x1080, 10, 16:10, 72.77, 61.61
1920x1080, 10, 16:9, 72.76, 62.38
1920x1080, 10, 21:9, 74.06, 63.83
1920x1080, 10, 9:16, 71.26, 64.21
1920x1080, 11, 4:3, 72.14, 62.49
1920x1080, 11, 5:4, 71.59, 61.91
1920x1080, 11, 16:10, 72.12, 61.40
1920x1080, 11, 16:9, 73.32, 62.38
1920x1080, 11, 21:9, 73.97, 63.84
1920x1080, 11, 9:16, 71.10, 64.31
1920x1080, 12, 4:3, 72.62, 62.55
1920x1080, 12, 5:4, 71.34, 61.69
1920x1080, 12, 16:10, 72.24, 61.53
1920x1080, 12, 16:9, 72.85, 62.37
1920x1080, 12, 21:9, 74.04, 63.87
1920x1080, 12, 9:16, 71.57, 64.33
1920x1080, 13, 4:3, 72.37, 62.47
1920x1080, 13, 5:4, 71.85, 61.76
1920x1080, 13, 16:10, 72.73, 61.53
1920x1080, 13, 16:9, 73.14, 62.53
1920x1080, 13, 21:9, 74.06, 63.88
1920x1080, 13, 9:16, 71.55, 64.34
1920x1080, 14, 4:3, 72.78, 62.61
1920x1080, 14, 5:4, 71.34, 61.76
1920x1080, 14, 16:10, 72.28, 61.43
1920x1080, 14, 16:9, 72.86, 62.48
1920x1080, 14, 21:9, 74.32, 63.93
1920x1080, 14, 9:16, 71.34, 64.23
1920x1080, 15, 4:3, 72.82, 62.70
1920x1080, 15, 5:4, 71.51, 61.72
1920x1080, 15, 16:10, 72.09, 61.12
1920x1080, 15, 16:9, 73.28, 62.56
1920x1080, 15, 21:9, 74.42, 63.81
1920x1080, 15, 9:16, 71.15, 64.36
1920x1080, 2, 4:3, 72.55, 62.32
1920x1080, 2, 5:4, 72.41, 62.13
1920x1080, 2, 16:10, 72.87, 61.87
1920x1080, 2, 16:9, 72.57, 62.26
1920x1080, 2, 21:9, 74.27, 63.63
1920x1080, 2, 9:16, 71.01, 64.04
1920x1080, 3, 4:3, 72.60, 62.40
1920x1080, 3, 5:4, 71.94, 62.01
1920x1080, 3, 16:10, 72.53, 61.62
1920x1080, 3, 16:9, 72.67, 62.25
1920x1080, 3, 21:9, 74.00, 63.83
1920x1080, 3, 9:16, 71.41, 64.31
1920x1080, 4, 4:3, 72.32, 62.45
1920x1080, 4, 5:4, 72.27, 61.95
1920x1080, 4, 16:10, 72.77, 61.72
1920x1080, 4, 16:9, 73.05, 62.52
1920x1080, 4, 21:9, 74.13, 63.76
1920x1080, 4, 9:16, 71.25, 64.33
1920x1080, 5, 4:3, 72.48, 62.44
1920x1080, 5, 5:4, 72.04, 62.03
1920x1080, 5, 16:10, 72.53, 61.82
1920x1080, 5, 16:9, 73.21, 62.36
1920x1080, 5, 21:9, 74.13, 63.85
1920x1080, 5, 9:16, 71.42, 64.20
1920x1080, 6, 4:3, 72.19, 62.33
1920x1080, 6, 5:4, 72.17, 61.91
1920x1080, 6, 16:10, 72.51, 61.73
1920x1080, 6, 16:9, 72.95, 62.28
1920x1080, 6, 21:9, 74.23, 63.69
1920x1080, 6, 9:16, 71.52, 64.34
1920x1080, 7, 4:3, 72.45, 62.40
1920x1080, 7, 5:4, 72.04, 61.83
1920x1080, 7, 16:10, 72.26, 61.43
1920x1080, 7, 16:9, 73.03, 62.31
1920x1080, 7, 21:9, 74.17, 63.62
1920x1080, 7, 9:16, 71.11, 64.30
1920x1080, 8, 4:3, 72.45, 62.45
1920x1080, 8, 5:4, 71.81, 61.75
1920x1080, 8, 16:10, 72.20, 61.44
1920x1080, 8, 16:9, 73.03, 62.21
1920x1080, 8, 21:9, 73.98, 63.72
1920x1080, 8, 9:16, 71.13, 64.26
1920x1080, 9, 4:3, 72.39, 62.45
1920x1080, 9, 5:4, 71.43, 61.68
1920x1080, 9, 16:10, 72.07, 61.47
1920x1080, 9, 16:9, 73.02, 62.45
1920x1080, 9, 21:9, 73.99, 63.75
1920x1080, 9, 9:16, 71.13, 64.09
2560x1440, 1, 4:3, 45.77, 41.96
2560x1440, 1, 5:4, 45.09, 41.18
2560x1440, 1, 16:10, 45.73, 41.35
2560x1440, 1, 16:9, 46.39, 41.54
2560x1440, 1, 21:9, 47.79, 42.85
2560x1440, 1, 9:16, 46.56, 42.50
2560x1440, 10, 4:3, 45.73, 41.91
2560x1440, 10, 5:4, 46.05, 42.25
2560x1440, 10, 16:10, 46.92, 42.19
2560x1440, 10, 16:9, 45.95, 41.44
2560x1440, 10, 21:9, 47.58, 42.66
2560x1440, 10, 9:16, 46.25, 42.36
2560x1440, 11, 4:3, 46.11, 41.89
2560x1440, 11, 5:4, 46.11, 42.23
2560x1440, 11, 16:10, 46.54, 42.18
2560x1440, 11, 16:9, 46.04, 41.44
2560x1440, 11, 21:9, 47.73, 42.73
2560x1440, 11, 9:16, 46.66, 42.36
2560x1440, 12, 4:3, 45.81, 41.97
2560x1440, 12, 5:4, 45.93, 42.23
2560x1440, 12, 16:10, 46.86, 42.23
2560x1440, 12, 16:9, 46.06, 41.49
2560x1440, 12, 21:9, 47.45, 42.77
2560x1440, 12, 9:16, 46.56, 42.39
2560x1440, 13, 4:3, 45.87, 41.97
2560x1440, 13, 5:4, 46.02, 42.39
2560x1440, 13, 16:10, 46.67, 42.21
2560x1440, 13, 16:9, 46.10, 41.57
2560x1440, 13, 21:9, 47.53, 42.82
2560x1440, 13, 9:16, 46.34, 42.47
2560x1440, 14, 4:3, 46.06, 42.11
2560x1440, 14, 5:4, 46.28, 42.16
2560x1440, 14, 16:10, 46.91, 42.22
2560x1440, 14, 16:9, 46.26, 41.61
2560x1440, 14, 21:9, 47.77, 42.81
2560x1440, 14, 9:16, 46.59, 42.46
2560x1440, 15, 4:3, 45.87, 42.14
2560x1440, 15, 5:4, 46.13, 42.18
2560x1440, 15, 16:10, 46.95, 42.33
2560x1440, 15, 16:9, 46.20, 41.68
2560x1440, 15, 21:9, 47.94, 42.87
2560x1440, 15, 9:16, 46.55, 42.58
2560x1440, 2, 4:3, 45.92, 42.05
2560x1440, 2, 5:4, 45.47, 41.80
2560x1440, 2, 16:10, 46.59, 41.86
2560x1440, 2, 16:9, 46.44, 41.70
2560x1440, 2, 21:9, 47.48, 42.91
2560x1440, 2, 9:16, 46.41, 42.51
2560x1440, 3, 4:3, 45.90, 42.07
2560x1440, 3, 5:4, 45.83, 41.98
2560x1440, 3, 16:10, 46.82, 42.07
2560x1440, 3, 16:9, 46.13, 41.70
2560x1440, 3, 21:9, 47.61, 42.62
2560x1440, 3, 9:16, 46.62, 42.38
2560x1440, 4, 4:3, 45.75, 41.92
2560x1440, 4, 5:4, 46.03, 42.18
2560x1440, 4, 16:10, 46.60, 42.06
2560x1440, 4, 16:9, 46.18, 41.49
2560x1440, 4, 21:9, 47.36, 42.72
2560x1440, 4, 9:16, 46.30, 42.33
2560x1440, 5, 4:3, 46.06, 41.99
2560x1440, 5, 5:4, 45.95, 42.19
2560x1440, 5, 16:10, 46.93, 42.22
2560x1440, 5, 16:9, 46.42, 41.53
2560x1440, 5, 21:9, 47.69, 42.75
2560x1440, 5, 9:16, 46.50, 42.38
2560x1440, 6, 4:3, 45.84, 42.04
2560x1440, 6, 5:4, 46.06, 42.45
2560x1440, 6, 16:10, 46.72, 42.25
2560x1440, 6, 16:9, 46.06, 41.58
2560x1440, 6, 21:9, 47.61, 42.55
2560x1440, 6, 9:16, 46.47, 42.28
2560x1440, 7, 4:3, 45.82, 41.79
2560x1440, 7, 5:4, 46.47, 42.38
2560x1440, 7, 16:10, 46.85, 42.27
2560x1440, 7, 16:9, 46.15, 41.41
2560x1440, 7, 21:9, 47.35, 42.59
2560x1440, 7, 9:16, 46.25, 42.34
2560x1440, 8, 4:3, 46.02, 41.97
2560x1440, 8, 5:4, 46.53, 42.37
2560x1440, 8, 16:10, 46.91, 42.31
2560x1440, 8, 16:9, 46.27, 41.54
2560x1440, 8, 21:9, 47.33, 42.61
2560x1440, 8, 9:16, 46.29, 42.39
2560x1440, 9, 4:3, 45.63, 41.78
2560x1440, 9, 5:4, 46.22, 42.25
2560x1440, 9, 16:10, 46.70, 42.20
2560x1440, 9, 16:9, 45.81, 41.37
2560x1440, 9, 21:9, 47.49, 42.61
2560x1440, 9, 9:16, 46.35, 42.32
3200x1800, 1, 4:3, 31.94, 30.58
3200x1800, 1, 5:4, 30.80, 29.39
3200x1800, 1, 16:10, 31.24, 29.96
3200x1800, 1, 16:9, 33.06, 31.42
3200x1800, 1, 21:9, 33.21, 31.12
3200x1800, 1, 9:16, 33.64, 31.41
3200x1800, 10, 4:3, 30.61, 29.43
3200x1800, 10, 5:4, 30.90, 29.49
3200x1800, 10, 16:10, 31.56, 29.96
3200x1800, 10, 16:9, 31.27, 29.88
3200x1800, 10, 21:9, 32.49, 30.35
3200x1800, 10, 9:16, 32.64, 30.33
3200x1800, 11, 4:3, 30.82, 29.46
3200x1800, 11, 5:4, 30.79, 29.44
3200x1800, 11, 16:10, 31.54, 29.96
3200x1800, 11, 16:9, 30.98, 29.89
3200x1800, 11, 21:9, 32.47, 30.41
3200x1800, 11, 9:16, 32.49, 30.32
3200x1800, 12, 4:3, 30.58, 29.43
3200x1800, 12, 5:4, 30.84, 29.42
3200x1800, 12, 16:10, 31.64, 29.96
3200x1800, 12, 16:9, 31.18, 29.88
3200x1800, 12, 21:9, 32.32, 30.39
3200x1800, 12, 9:16, 32.68, 30.32
3200x1800, 13, 4:3, 30.87, 29.46
3200x1800, 13, 5:4, 30.95, 29.50
3200x1800, 13, 16:10, 31.46, 30.04
3200x1800, 13, 16:9, 31.26, 29.90
3200x1800, 13, 21:9, 32.53, 30.42
3200x1800, 13, 9:16, 32.52, 30.36
3200x1800, 14, 4:3, 30.84, 29.36
3200x1800, 14, 5:4, 30.84, 29.51
3200x1800, 14, 16:10, 31.58, 29.98
3200x1800, 14, 16:9, 31.23, 29.91
3200x1800, 14, 21:9, 32.23, 30.29
3200x1800, 14, 9:16, 32.73, 30.30
3200x1800, 15, 4:3, 30.58, 29.25
3200x1800, 15, 5:4, 30.87, 29.51
3200x1800, 15, 16:10, 31.63, 30.02
3200x1800, 15, 16:9, 31.06, 29.75
3200x1800, 15, 21:9, 32.28, 29.99
3200x1800, 15, 9:16, 32.30, 30.08
3200x1800, 2, 4:3, 31.56, 30.03
3200x1800, 2, 5:4, 30.83, 29.44
3200x1800, 2, 16:10, 31.52, 29.98
3200x1800, 2, 16:9, 31.86, 30.55
3200x1800, 2, 21:9, 33.05, 30.65
3200x1800, 2, 9:16, 33.14, 30.89
3200x1800, 3, 4:3, 31.17, 29.62
3200x1800, 3, 5:4, 30.77, 29.48
3200x1800, 3, 16:10, 31.39, 29.97
3200x1800, 3, 16:9, 31.54, 30.17
3200x1800, 3, 21:9, 32.56, 30.46
3200x1800, 3, 9:16, 32.98, 30.55
3200x1800, 4, 4:3, 30.99, 29.52
3200x1800, 4, 5:4, 30.73, 29.48
3200x1800, 4, 16:10, 31.63, 30.01
3200x1800, 4, 16:9, 31.30, 29.99
3200x1800, 4, 21:9, 32.67, 30.44
3200x1800, 4, 9:16, 32.65, 30.37
3200x1800, 5, 4:3, 30.89, 29.49
3200x1800, 5, 5:4, 30.92, 29.51
3200x1800, 5, 16:10, 31.63, 30.03
3200x1800, 5, 16:9, 31.36, 29.91
3200x1800, 5, 21:9, 32.62, 30.41
3200x1800, 5, 9:16, 32.76, 30.38
3200x1800, 6, 4:3, 30.87, 29.43
3200x1800, 6, 5:4, 30.82, 29.47
3200x1800, 6, 16:10, 31.34, 29.99
3200x1800, 6, 16:9, 31.31, 29.92
3200x1800, 6, 21:9, 32.56, 30.37
3200x1800, 6, 9:16, 32.69, 30.37
3200x1800, 7, 4:3, 30.84, 29.44
3200x1800, 7, 5:4, 30.66, 29.46
3200x1800, 7, 16:10, 31.23, 30.00
3200x1800, 7, 16:9, 31.26, 29.90
3200x1800, 7, 21:9, 32.33, 30.35
3200x1800, 7, 9:16, 32.71, 30.33
3200x1800, 8, 4:3, 30.81, 29.43
3200x1800, 8, 5:4, 30.81, 29.49
3200x1800, 8, 16:10, 31.33, 29.93
3200x1800, 8, 16:9, 31.03, 29.91
3200x1800, 8, 21:9, 32.23, 30.32
3200x1800, 8, 9:16, 32.60, 30.32
3200x1800, 9, 4:3, 30.81, 29.47
3200x1800, 9, 5:4, 30.89, 29.42
3200x1800, 9, 16:10, 31.52, 29.92
3200x1800, 9, 16:9, 31.02, 29.89
3200x1800, 9, 21:9, 32.52, 30.42
3200x1800, 9, 9:16, 32.64, 30.30
3840x2160, 1, 4:3, 21.52, 21.26
3840x2160, 1, 5:4, 22.24, 21.61
3840x2160, 1, 16:10, 22.29, 21.43
3840x2160, 1, 16:9, 21.56, 21.09
3840x2160, 1, 21:9, 23.06, 21.99
3840x2160, 1, 9:16, 23.33, 21.62
3840x2160, 10, 4:3, 21.87, 21.37
3840x2160, 10, 5:4, 22.35, 21.65
3840x2160, 10, 16:10, 22.30, 21.51
3840x2160, 10, 16:9, 21.66, 21.21
3840x2160, 10, 21:9, 23.20, 22.08
3840x2160, 10, 9:16, 23.42, 21.68
3840x2160, 11, 4:3, 21.68, 21.34
3840x2160, 11, 5:4, 22.38, 21.69
3840x2160, 11, 16:10, 22.23, 21.53
3840x2160, 11, 16:9, 21.84, 21.21
3840x2160, 11, 21:9, 23.06, 22.05
3840x2160, 11, 9:16, 23.29, 21.66
3840x2160, 12, 4:3, 21.71, 21.35
3840x2160, 12, 5:4, 22.38, 21.66
3840x2160, 12, 16:10, 22.35, 21.46
3840x2160, 12, 16:9, 21.66, 21.21
3840x2160, 12, 21:9, 23.24, 22.04
3840x2160, 12, 9:16, 23.39, 21.68
3840x2160, 13, 4:3, 21.81, 21.37
3840x2160, 13, 5:4, 22.41, 21.67
3840x2160, 13, 16:10, 22.37, 21.52
3840x2160, 13, 16:9, 21.81, 21.21
3840x2160, 13, 21:9, 23.23, 22.05
3840x2160, 13, 9:16, 23.40, 21.67
3840x2160, 14, 4:3, 21.69, 21.35
3840x2160, 14, 5:4, 22.26, 21.68
3840x2160, 14, 16:10, 22.20, 21.50
3840x2160, 14, 16:9, 21.82, 21.21
3840x2160, 14, 21:9, 23.21, 22.07
3840x2160, 14, 9:16, 23.43, 21.66
3840x2160, 15, 4:3, 21.83, 21.36
3840x2160, 15, 5:4, 22.39, 21.61
3840x2160, 15, 16:10, 22.34, 21.49
3840x2160, 15, 16:9, 21.79, 21.21
3840x2160, 15, 21:9, 23.22, 22.05
3840x2160, 15, 9:16, 23.43, 21.67
3840x2160, 2, 4:3, 21.78, 21.34
3840x2160, 2, 5:4, 22.24, 21.60
3840x2160, 2, 16:10, 22.28, 21.45
3840x2160, 2, 16:9, 21.62, 21.14
3840x2160, 2, 21:9, 23.19, 22.03
3840x2160, 2, 9:16, 23.24, 21.66
3840x2160, 3, 4:3, 21.69, 21.34
3840x2160, 3, 5:4, 22.21, 21.59
3840x2160, 3, 16:10, 22.33, 21.45
3840x2160, 3, 16:9, 21.62, 21.18
3840x2160, 3, 21:9, 23.21, 22.06
3840x2160, 3, 9:16, 23.38, 21.66
3840x2160, 4, 4:3, 21.84, 21.34
3840x2160, 4, 5:4, 22.34, 21.64
3840x2160, 4, 16:10, 22.22, 21.45
3840x2160, 4, 16:9, 21.82, 21.18
3840x2160, 4, 21:9, 23.22, 22.05
3840x2160, 4, 9:16, 23.25, 21.66
3840x2160, 5, 4:3, 21.84, 21.33
3840x2160, 5, 5:4, 22.22, 21.65
3840x2160, 5, 16:10, 22.20, 21.51
3840x2160, 5, 16:9, 21.67, 21.20
3840x2160, 5, 21:9, 23.20, 22.04
3840x2160, 5, 9:16, 23.28, 21.66
3840x2160, 6, 4:3, 21.70, 21.36
3840x2160, 6, 5:4, 22.37, 21.69
3840x2160, 6, 16:10, 22.38, 21.49
3840x2160, 6, 16:9, 21.84, 21.21
3840x2160, 6, 21:9, 23.06, 22.04
3840x2160, 6, 9:16, 23.38, 21.66
3840x2160, 7, 4:3, 21.68, 21.34
3840x2160, 7, 5:4, 22.37, 21.60
3840x2160, 7, 16:10, 22.33, 21.45
3840x2160, 7, 16:9, 21.82, 21.21
3840x2160, 7, 21:9, 23.11, 22.06
3840x2160, 7, 9:16, 23.45, 21.67
3840x2160, 8, 4:3, 21.85, 21.37
3840x2160, 8, 5:4, 22.19, 21.70
3840x2160, 8, 16:10, 22.30, 21.51
3840x2160, 8, 16:9, 21.71, 21.21
3840x2160, 8, 21:9, 23.07, 22.06
3840x2160, 8, 9:16, 23.42, 21.67
3840x2160, 9, 4:3, 21.84, 21.33
3840x2160, 9, 5:4, 22.37, 21.68
3840x2160, 9, 16:10, 22.29, 21.49
3840x2160, 9, 16:9, 21.70, 21.17
3840x2160, 9, 21:9, 23.22, 22.04
3840x2160, 9, 9:16, 23.26, 21.68
5120x2880, 1, 4:3, 13.47, 13.18
5120x2880, 1, 5:4, 13.06, 12.79
5120x2880, 1, 16:10, 12.99, 12.75
5120x2880, 1, 16:9, 13.57, 13.27
5120x2880, 1, 21:9, 13.28, 13.07
5120x2880, 1, 9:16, 14.37, 13.39
5120x2880, 10, 4:3, 12.93, 12.73
5120x2880, 10, 5:4, 13.14, 12.82
5120x2880, 10, 16:10, 13.03, 12.79
5120x2880, 10, 16:9, 12.70, 12.63
5120x2880, 10, 21:9, 13.07, 12.77
5120x2880, 10, 9:16, 13.98, 13.03
5120x2880, 11, 4:3, 12.94, 12.72
5120x2880, 11, 5:4, 13.23, 12.85
5120x2880, 11, 16:10, 13.03, 12.80
5120x2880, 11, 16:9, 12.69, 12.64
5120x2880, 11, 21:9, 13.07, 12.75
5120x2880, 11, 9:16, 13.95, 13.00
5120x2880, 12, 4:3, 12.92, 12.72
5120x2880, 12, 5:4, 13.24, 12.84
5120x2880, 12, 16:10, 13.03, 12.79
5120x2880, 12, 16:9, 12.71, 12.63
5120x2880, 12, 21:9, 13.05, 12.75
5120x2880, 12, 9:16, 13.86, 13.02
5120x2880, 13, 4:3, 12.94, 12.71
5120x2880, 13, 5:4, 13.24, 12.83
5120x2880, 13, 16:10, 12.94, 12.79
5120x2880, 13, 16:9, 12.61, 12.64
5120x2880, 13, 21:9, 13.03, 12.75
5120x2880, 13, 9:16, 13.92, 13.00
5120x2880, 14, 4:3, 13.04, 12.69
5120x2880, 14, 5:4, 13.24, 12.86
5120x2880, 14, 16:10, 13.05, 12.80
5120x2880, 14, 16:9, 12.59, 12.62
5120x2880, 14, 21:9, 13.11, 12.76
5120x2880, 14, 9:16, 14.00, 12.97
5120x2880, 15, 4:3, 12.93, 12.70
5120x2880, 15, 5:4, 13.16, 12.84
5120x2880, 15, 16:10, 13.03, 12.79
5120x2880, 15, 16:9, 12.67, 12.62
5120x2880, 15, 21:9, 13.04, 12.73
5120x2880, 15, 9:16, 13.91, 13.00
5120x2880, 2, 4:3, 13.05, 12.95
5120x2880, 2, 5:4, 13.23, 12.80
5120x2880, 2, 16:10, 12.99, 12.77
5120x2880, 2, 16:9, 13.03, 12.89
5120x2880, 2, 21:9, 13.11, 12.94
5120x2880, 2, 9:16, 14.07, 13.21
5120x2880, 3, 4:3, 13.07, 12.89
5120x2880, 3, 5:4, 13.01, 12.82
5120x2880, 3, 16:10, 12.81, 12.79
5120x2880, 3, 16:9, 12.85, 12.80
5120x2880, 3, 21:9, 13.09, 12.93
5120x2880, 3, 9:16, 14.10, 13.16
5120x2880, 4, 4:3, 12.99, 12.84
5120x2880, 4, 5:4, 13.11, 12.86
5120x2880, 4, 16:10, 12.84, 12.79
5120x2880, 4, 16:9, 12.80, 12.77
5120x2880, 4, 21:9, 13.13, 12.86
5120x2880, 4, 9:16, 14.01, 13.12
5120x2880, 5, 4:3, 13.02, 12.80
5120x2880, 5, 5:4, 13.11, 12.84
5120x2880, 5, 16:10, 12.89, 12.79
5120x2880, 5, 16:9, 12.69, 12.73
5120x2880, 5, 21:9, 13.09, 12.83
5120x2880, 5, 9:16, 14.01, 13.08
5120x2880, 6, 4:3, 12.97, 12.77
5120x2880, 6, 5:4, 13.04, 12.84
5120x2880, 6, 16:10, 12.90, 12.80
5120x2880, 6, 16:9, 12.74, 12.69
5120x2880, 6, 21:9, 12.98, 12.79
5120x2880, 6, 9:16, 13.99, 13.06
5120x2880, 7, 4:3, 12.86, 12.77
5120x2880, 7, 5:4, 13.02, 12.84
5120x2880, 7, 16:10, 12.92, 12.81
5120x2880, 7, 16:9, 12.71, 12.68
5120x2880, 7, 21:9, 13.10, 12.79
5120x2880, 7, 9:16, 13.99, 13.05
5120x2880, 8, 4:3, 12.94, 12.74
5120x2880, 8, 5:4, 13.13, 12.85
5120x2880, 8, 16:10, 12.92, 12.81
5120x2880, 8, 16:9, 12.71, 12.66
5120x2880, 8, 21:9, 13.07, 12.79
5120x2880, 8, 9:16, 13.93, 13.02
5120x2880, 9, 4:3, 12.94, 12.73
5120x2880, 9, 5:4, 13.11, 12.87
5120x2880, 9, 16:10, 13.03, 12.80
5120x2880, 9, 16:9, 12.68, 12.65
5120x2880, 9, 21:9, 12.95, 12.77
5120x2880, 9, 9:16, 13.96, 13.04
6400x3600, 1, 4:3, 8.30, 7.97
6400x3600, 1, 5:4, 8.51, 8.16
6400x3600, 1, 16:10, 8.41, 8.15
6400x3600, 1, 16:9, 8.02, 7.92
6400x3600, 1, 21:9, 8.25, 8.09
6400x3600, 1, 9:16, 8.90, 8.37
6400x3600, 10, 4:3, 8.33, 8.00
6400x3600, 10, 5:4, 8.51, 8.16
6400x3600, 10, 16:10, 8.39, 8.15
6400x3600, 10, 16:9, 8.07, 7.95
6400x3600, 10, 21:9, 8.27, 8.09
6400x3600, 10, 9:16, 8.92, 8.39
6400x3600, 11, 4:3, 8.35, 8.01
6400x3600, 11, 5:4, 8.50, 8.16
6400x3600, 11, 16:10, 8.35, 8.15
6400x3600, 11, 16:9, 8.10, 7.95
6400x3600, 11, 21:9, 8.27, 8.10
6400x3600, 11, 9:16, 8.89, 8.41
6400x3600, 12, 4:3, 8.36, 8.02
6400x3600, 12, 5:4, 8.47, 8.16
6400x3600, 12, 16:10, 8.38, 8.15
6400x3600, 12, 16:9, 8.11, 7.96
6400x3600, 12, 21:9, 8.29, 8.10
6400x3600, 12, 9:16, 8.94, 8.41
6400x3600, 13, 4:3, 8.36, 8.02
6400x3600, 13, 5:4, 8.49, 8.13
6400x3600, 13, 16:10, 8.39, 8.13
6400x3600, 13, 16:9, 8.10, 7.97
6400x3600, 13, 21:9, 8.25, 8.11
6400x3600, 13, 9:16, 8.96, 8.43
6400x3600, 14, 4:3, 8.38, 8.03
6400x3600, 14, 5:4, 8.50, 8.15
6400x3600, 14, 16:10, 8.40, 8.14
6400x3600, 14, 16:9, 8.12, 7.98
6400x3600, 14, 21:9, 8.30, 8.11
6400x3600, 14, 9:16, 8.96, 8.43
6400x3600, 15, 4:3, 8.38, 8.04
6400x3600, 15, 5:4, 8.50, 8.15
6400x3600, 15, 16:10, 8.39, 8.12
6400x3600, 15, 16:9, 8.09, 7.98
6400x3600, 15, 21:9, 8.32, 8.12
6400x3600, 15, 9:16, 8.96, 8.44
6400x3600, 2, 4:3, 8.32, 8.00
6400x3600, 2, 5:4, 8.52, 8.16
6400x3600, 2, 16:10, 8.40, 8.15
6400x3600, 2, 16:9, 8.06, 7.93
6400x3600, 2, 21:9, 8.25, 8.06
6400x3600, 2, 9:16, 8.90, 8.37
6400x3600, 3, 4:3, 8.31, 7.99
6400x3600, 3, 5:4, 8.50, 8.17
6400x3600, 3, 16:10, 8.42, 8.15
6400x3600, 3, 16:9, 8.06, 7.92
6400x3600, 3, 21:9, 8.20, 8.06
6400x3600, 3, 9:16, 8.90, 8.38
6400x3600, 4, 4:3, 8.29, 7.97
6400x3600, 4, 5:4, 8.53, 8.16
6400x3600, 4, 16:10, 8.42, 8.17
6400x3600, 4, 16:9, 8.05, 7.93
6400x3600, 4, 21:9, 8.22, 8.08
6400x3600, 4, 9:16, 8.87, 8.36
6400x3600, 5, 4:3, 8.24, 7.98
6400x3600, 5, 5:4, 8.52, 8.17
6400x3600, 5, 16:10, 8.35, 8.14
6400x3600, 5, 16:9, 8.05, 7.92
6400x3600, 5, 21:9, 8.22, 8.06
6400x3600, 5, 9:16, 8.83, 8.36
6400x3600, 6, 4:3, 8.28, 7.97
6400x3600, 6, 5:4, 8.51, 8.15
6400x3600, 6, 16:10, 8.41, 8.14
6400x3600, 6, 16:9, 8.03, 7.91
6400x3600, 6, 21:9, 8.23, 8.06
6400x3600, 6, 9:16, 8.87, 8.36
6400x3600, 7, 4:3, 8.30, 7.97
6400x3600, 7, 5:4, 8.51, 8.15
6400x3600, 7, 16:10, 8.41, 8.14
6400x3600, 7, 16:9, 8.04, 7.91
6400x3600, 7, 21:9, 8.24, 8.06
6400x3600, 7, 9:16, 8.88, 8.36
6400x3600, 8, 4:3, 8.29, 7.97
6400x3600, 8, 5:4, 8.45, 8.14
6400x3600, 8, 16:10, 8.40, 8.15
6400x3600, 8, 16:9, 8.05, 7.91
6400x3600, 8, 21:9, 8.24, 8.07
6400x3600, 8, 9:16, 8.87, 8.36
6400x3600, 9, 4:3, 8.32, 7.99
6400x3600, 9, 5:4, 8.50, 8.15
6400x3600, 9, 16:10, 8.39, 8.15
6400x3600, 9, 16:9, 8.08, 7.94
6400x3600, 9, 21:9, 8.26, 8.09
6400x3600, 9, 9:16, 8.92, 8.38
640x360, 1, 4:3, 154.53, 140.86
640x360, 1, 5:4, 161.35, 140.40
640x360, 1, 16:10, 163.85, 141.67
640x360, 1, 16:9, 167.62, 144.91
640x360, 1, 21:9, 153.77, 135.89
640x360, 1, 9:16, 151.93, 138.11
640x360, 10, 4:3, 160.80, 137.36
640x360, 10, 5:4, 159.50, 136.71
640x360, 10, 16:10, 163.90, 138.35
640x360, 10, 16:9, 165.73, 139.47
640x360, 10, 21:9, 152.33, 134.11
640x360, 10, 9:16, 150.60, 136.12
640x360, 11, 4:3, 161.04, 137.69
640x360, 11, 5:4, 159.86, 136.98
640x360, 11, 16:10, 163.13, 137.93
640x360, 11, 16:9, 164.85, 139.76
640x360, 11, 21:9, 152.30, 133.44
640x360, 11, 9:16, 150.30, 136.15
640x360, 12, 4:3, 161.42, 137.51
640x360, 12, 5:4, 159.46, 136.83
640x360, 12, 16:10, 163.54, 137.78
640x360, 12, 16:9, 165.15, 139.58
640x360, 12, 21:9, 152.44, 133.67
640x360, 12, 9:16, 150.26, 135.95
640x360, 13, 4:3, 160.98, 137.56
640x360, 13, 5:4, 159.55, 136.55
640x360, 13, 16:10, 163.79, 138.11
640x360, 13, 16:9, 164.72, 139.65
640x360, 13, 21:9, 152.29, 133.76
640x360, 13, 9:16, 150.38, 136.14
640x360, 14, 4:3, 161.13, 137.31
640x360, 14, 5:4, 159.53, 136.65
640x360, 14, 16:10, 163.28, 138.13
640x360, 14, 16:9, 164.74, 139.46
640x360, 14, 21:9, 152.50, 133.57
640x360, 14, 9:16, 150.29, 135.94
640x360, 15, 4:3, 161.21, 137.64
640x360, 15, 5:4, 158.81, 136.38
640x360, 15, 16:10, 163.76, 138.03
640x360, 15, 16:9, 165.96, 139.62
640x360, 15, 21:9, 152.61, 133.44
640x360, 15, 9:16, 150.35, 136.08
640x360, 2, 4:3, 161.82, 139.47
640x360, 2, 5:4, 160.13, 139.56
640x360, 2, 16:10, 164.00, 140.43
640x360, 2, 16:9, 166.42, 142.31
640x360, 2, 21:9, 152.59, 135.30
640x360, 2, 9:16, 150.68, 137.45
640x360, 3, 4:3, 161.53, 138.79
640x360, 3, 5:4, 159.26, 138.69
640x360, 3, 16:10, 163.45, 140.26
640x360, 3, 16:9, 165.41, 141.55
640x360, 3, 21:9, 152.15, 134.89
640x360, 3, 9:16, 150.11, 136.95
640x360, 4, 4:3, 160.75, 138.44
640x360, 4, 5:4, 159.43, 137.67
640x360, 4, 16:10, 163.81, 138.96
640x360, 4, 16:9, 164.98, 140.88
640x360, 4, 21:9, 152.64, 134.57
640x360, 4, 9:16, 150.17, 136.85
640x360, 5, 4:3, 161.39, 138.24
640x360, 5, 5:4, 159.02, 137.63
640x360, 5, 16:10, 163.29, 138.86
640x360, 5, 16:9, 165.68, 140.28
640x360, 5, 21:9, 152.52, 134.03
640x360, 5, 9:16, 150.16, 136.71
640x360, 6, 4:3, 161.29, 138.15
640x360, 6, 5:4, 159.39, 137.07
640x360, 6, 16:10, 163.21, 138.49
640x360, 6, 16:9, 165.30, 140.48
640x360, 6, 21:9, 152.59, 133.85
640x360, 6, 9:16, 150.48, 136.47
640x360, 7, 4:3, 160.65, 137.68
640x360, 7, 5:4, 159.35, 136.77
640x360, 7, 16:10, 163.84, 138.55
640x360, 7, 16:9, 165.12, 140.27
640x360, 7, 21:9, 152.36, 133.97
640x360, 7, 9:16, 149.83, 136.20
640x360, 8, 4:3, 161.28, 137.85
640x360, 8, 5:4, 159.58, 136.94
640x360, 8, 16:10, 163.06, 138.40
640x360, 8, 16:9, 165.10, 139.84
640x360, 8, 21:9, 152.59, 133.78
640x360, 8, 9:16, 149.85, 136.23
640x360, 9, 4:3, 161.19, 137.57
640x360, 9, 5:4, 159.45, 136.93
640x360, 9, 16:10, 163.34, 138.36
640x360, 9, 16:9, 165.56, 139.58
640x360, 9, 21:9, 152.69, 133.51
640x360, 9, 9:16, 150.39, 136.15
736x414, 1, 4:3, 161.18, 134.07
736x414, 1, 5:4, 159.62, 133.90
736x414, 1, 16:10, 163.21, 134.55
736x414, 1, 16:9, 164.89, 135.64
736x414, 1, 21:9, 152.49, 130.35
736x414, 1, 9:16, 149.86, 133.76
736x414, 10, 4:3, 160.87, 134.25
736x414, 10, 5:4, 158.77, 133.85
736x414, 10, 16:10, 162.66, 134.29
736x414, 10, 16:9, 164.27, 135.07
736x414, 10, 21:9, 151.95, 129.99
736x414, 10, 9:16, 149.87, 133.57
736x414, 11, 4:3, 161.11, 134.13
736x414, 11, 5:4, 159.69, 133.67
736x414, 11, 16:10, 163.15, 134.42
736x414, 11, 16:9, 164.56, 135.48
736x414, 11, 21:9, 152.42, 129.95
736x414, 11, 9:16, 149.74, 133.83
736x414, 12, 4:3, 160.92, 134.00
736x414, 12, 5:4, 159.28, 133.06
736x414, 12, 16:10, 163.52, 134.31
736x414, 12, 16:9, 164.32, 135.38
736x414, 12, 21:9, 152.26, 130.08
736x414, 12, 9:16, 149.85, 133.40
736x414, 13, 4:3, 161.01, 134.66
736x414, 13, 5:4, 159.54, 133.49
736x414, 13, 16:10, 163.45, 134.26
736x414, 13, 16:9, 164.57, 135.26
736x414, 13, 21:9, 152.66, 129.78
736x414, 13, 9:16, 150.00, 133.66
736x414, 14, 4:3, 160.71, 134.60
736x414, 14, 5:4, 159.51, 133.51
736x414, 14, 16:10, 163.14, 134.40
736x414, 14, 16:9, 164.51, 135.44
736x414, 14, 21:9, 152.91, 130.01
736x414, 14, 9:16, 149.86, 133.28
736x414, 15, 4:3, 161.41, 133.91
736x414, 15, 5:4, 159.46, 132.93
736x414, 15, 16:10, 163.04, 134.13
736x414, 15, 16:9, 164.62, 135.26
736x414, 15, 21:9, 152.63, 129.76
736x414, 15, 9:16, 150.69, 133.37
736x414, 2, 4:3, 160.58, 134.43
736x414, 2, 5:4, 159.78, 133.49
736x414, 2, 16:10, 163.32, 134.29
736x414, 2, 16:9, 164.54, 135.84
736x414, 2, 21:9, 152.06, 130.44
736x414, 2, 9:16, 150.03, 133.90
736x414, 3, 4:3, 160.80, 134.51
736x414, 3, 5:4, 159.79, 133.58
736x414, 3, 16:10, 163.21, 134.53
736x414, 3, 16:9, 164.85, 135.70
736x414, 3, 21:9, 152.03, 130.19
736x414, 3, 9:16, 150.25, 133.80
736x414, 4, 4:3, 160.31, 134.78
736x414, 4, 5:4, 159.32, 133.87
736x414, 4, 16:10, 163.11, 134.54
736x414, 4, 16:9, 164.26, 135.42
736x414, 4, 21:9, 152.09, 129.88
736x414, 4, 9:16, 149.68, 133.49
736x414, 5, 4:3, 161.23, 134.67
736x414, 5, 5:4, 159.31, 134.00
736x414, 5, 16:10, 162.54, 134.34
736x414, 5, 16:9, 164.48, 135.46
736x414, 5, 21:9, 152.41, 129.85
736x414, 5, 9:16, 150.32, 133.38
736x414, 6, 4:3, 160.54, 134.61
736x414, 6, 5:4, 159.19, 133.95
736x414, 6, 16:10, 162.91, 134.65
736x414, 6, 16:9, 164.44, 135.31
736x414, 6, 21:9, 152.58, 130.07
736x414, 6, 9:16, 150.22, 133.52
736x414, 7, 4:3, 160.59, 134.42
736x414, 7, 5:4, 158.66, 133.98
736x414, 7, 16:10, 163.06, 134.45
736x414, 7, 16:9, 164.23, 135.28
736x414, 7, 21:9, 151.95, 129.86
736x414, 7, 9:16, 149.87, 133.56
736x414, 8, 4:3, 160.69, 134.62
736x414, 8, 5:4, 158.81, 133.62
736x414, 8, 16:10, 163.25, 134.65
736x414, 8, 16:9, 164.06, 135.35
736x414, 8, 21:9, 152.48, 129.93
736x414, 8, 9:16, 149.75, 133.47
736x414, 9, 4:3, 161.01, 134.18
736x414, 9, 5:4, 158.78, 133.89
736x414, 9, 16:10, 162.96, 134.38
736x414, 9, 16:9, 164.17, 135.33
736x414, 9, 21:9, 152.85, 129.88
736x414, 9, 9:16, 150.14, 133.53
7680x4320, 1, 4:3, 1.41, 1.20
7680x4320, 1, 5:4, 1.41, 1.20
7680x4320, 1, 16:10, 1.39, 1.18
7680x4320, 1, 16:9, 1.40, 1.18
7680x4320, 1, 21:9, 1.97, 1.74
7680x4320, 1, 9:16, 1.46, 1.23
7680x4320, 10, 4:3, 1.41, 1.19
7680x4320, 10, 5:4, 1.39, 1.18
7680x4320, 10, 16:10, 1.38, 1.18
7680x4320, 10, 16:9, 1.40, 1.19
7680x4320, 10, 21:9, 1.97, 1.75
7680x4320, 10, 9:16, 1.45, 1.24
7680x4320, 11, 4:3, 1.41, 1.19
7680x4320, 11, 5:4, 1.39, 1.18
7680x4320, 11, 16:10, 1.38, 1.18
7680x4320, 11, 16:9, 1.39, 1.19
7680x4320, 11, 21:9, 1.97, 1.74
7680x4320, 11, 9:16, 1.46, 1.23
7680x4320, 12, 4:3, 1.41, 1.19
7680x4320, 12, 5:4, 1.39, 1.18
7680x4320, 12, 16:10, 1.38, 1.17
7680x4320, 12, 16:9, 1.39, 1.19
7680x4320, 12, 21:9, 1.98, 1.75
7680x4320, 12, 9:16, 1.46, 1.23
7680x4320, 13, 4:3, 1.40, 1.19
7680x4320, 13, 5:4, 1.38, 1.18
7680x4320, 13, 16:10, 1.37, 1.18
7680x4320, 13, 16:9, 1.39, 1.19
7680x4320, 13, 21:9, 1.97, 1.74
7680x4320, 13, 9:16, 1.46, 1.23
7680x4320, 14, 4:3, 1.41, 1.19
7680x4320, 14, 5:4, 1.39, 1.18
7680x4320, 14, 16:10, 1.38, 1.18
7680x4320, 14, 16:9, 1.40, 1.19
7680x4320, 14, 21:9, 1.97, 1.73
7680x4320, 14, 9:16, 1.46, 1.23
7680x4320, 15, 4:3, 1.40, 1.20
7680x4320, 15, 5:4, 1.39, 1.18
7680x4320, 15, 16:10, 1.38, 1.18
7680x4320, 15, 16:9, 1.40, 1.19
7680x4320, 15, 21:9, 1.98, 1.74
7680x4320, 15, 9:16, 1.46, 1.23
7680x4320, 2, 4:3, 1.39, 1.18
7680x4320, 2, 5:4, 1.39, 1.18
7680x4320, 2, 16:10, 1.38, 1.18
7680x4320, 2, 16:9, 1.38, 1.18
7680x4320, 2, 21:9, 1.96, 1.73
7680x4320, 2, 9:16, 1.44, 1.21
7680x4320, 3, 4:3, 1.39, 1.18
7680x4320, 3, 5:4, 1.39, 1.18
7680x4320, 3, 16:10, 1.38, 1.18
7680x4320, 3, 16:9, 1.38, 1.17
7680x4320, 3, 21:9, 1.95, 1.73
7680x4320, 3, 9:16, 1.44, 1.22
7680x4320, 4, 4:3, 1.39, 1.18
7680x4320, 4, 5:4, 1.39, 1.18
7680x4320, 4, 16:10, 1.37, 1.18
7680x4320, 4, 16:9, 1.37, 1.17
7680x4320, 4, 21:9, 1.96, 1.72
7680x4320, 4, 9:16, 1.44, 1.22
7680x4320, 5, 4:3, 1.39, 1.18
7680x4320, 5, 5:4, 1.38, 1.18
7680x4320, 5, 16:10, 1.37, 1.17
7680x4320, 5, 16:9, 1.38, 1.17
7680x4320, 5, 21:9, 1.96, 1.72
7680x4320, 5, 9:16, 1.44, 1.22
7680x4320, 6, 4:3, 1.39, 1.18
7680x4320, 6, 5:4, 1.39, 1.18
7680x4320, 6, 16:10, 1.38, 1.18
7680x4320, 6, 16:9, 1.38, 1.17
7680x4320, 6, 21:9, 1.95, 1.73
7680x4320, 6, 9:16, 1.44, 1.21
7680x4320, 7, 4:3, 1.39, 1.17
7680x4320, 7, 5:4, 1.39, 1.18
7680x4320, 7, 16:10, 1.38, 1.18
7680x4320, 7, 16:9, 1.38, 1.17
7680x4320, 7, 21:9, 1.96, 1.74
7680x4320, 7, 9:16, 1.44, 1.21
7680x4320, 8, 4:3, 1.40, 1.19
7680x4320, 8, 5:4, 1.39, 1.18
7680x4320, 8, 16:10, 1.37, 1.17
7680x4320, 8, 16:9, 1.39, 1.19
7680x4320, 8, 21:9, 1.97, 1.74
7680x4320, 8, 9:16, 1.45, 1.23
7680x4320, 9, 4:3, 1.40, 1.19
7680x4320, 9, 5:4, 1.39, 1.18
7680x4320, 9, 16:10, 1.38, 1.17
7680x4320, 9, 16:9, 1.39, 1.18
7680x4320, 9, 21:9, 1.97, 1.74
7680x4320, 9, 9:16, 1.46, 1.22
960x540, 1, 4:3, 153.04, 122.39
960x540, 1, 5:4, 150.78, 121.08
960x540, 1, 16:10, 153.00, 121.48
960x540, 1, 16:9, 153.46, 122.17
960x540, 1, 21:9, 144.96, 116.70
960x540, 1, 9:16, 143.49, 123.34
960x540, 10, 4:3, 152.15, 121.62
960x540, 10, 5:4, 150.44, 121.73
960x540, 10, 16:10, 153.00, 121.78
960x540, 10, 16:9, 152.98, 121.37
960x540, 10, 21:9, 143.92, 115.60
960x540, 10, 9:16, 142.36, 122.53
960x540, 11, 4:3, 152.14, 121.72
960x540, 11, 5:4, 150.92, 121.52
960x540, 11, 16:10, 153.24, 121.97
960x540, 11, 16:9, 153.75, 121.58
960x540, 11, 21:9, 144.63, 115.79
960x540, 11, 9:16, 142.87, 122.69
960x540, 12, 4:3, 151.45, 121.05
960x540, 12, 5:4, 150.90, 121.48
960x540, 12, 16:10, 153.30, 121.84
960x540, 12, 16:9, 154.06, 121.31
960x540, 12, 21:9, 144.22, 115.95
960x540, 12, 9:16, 142.66, 122.37
960x540, 13, 4:3, 151.79, 121.93
960x540, 13, 5:4, 150.75, 121.25
960x540, 13, 16:10, 153.14, 121.62
960x540, 13, 16:9, 153.55, 121.52
960x540, 13, 21:9, 144.41, 115.95
960x540, 13, 9:16, 142.86, 122.55
960x540, 14, 4:3, 151.68, 121.11
960x540, 14, 5:4, 150.79, 121.41
960x540, 14, 16:10, 152.30, 121.83
960x540, 14, 16:9, 154.03, 121.64
960x540, 14, 21:9, 144.08, 115.72
960x540, 14, 9:16, 142.31, 121.74
960x540, 15, 4:3, 151.64, 120.99
960x540, 15, 5:4, 150.54, 121.31
960x540, 15, 16:10, 152.76, 121.53
960x540, 15, 16:9, 153.54, 121.19
960x540, 15, 21:9, 143.88, 115.02
960x540, 15, 9:16, 141.97, 121.42
960x540, 2, 4:3, 152.66, 122.48
960x540, 2, 5:4, 150.40, 121.73
960x540, 2, 16:10, 152.85, 121.48
960x540, 2, 16:9, 154.41, 122.61
960x540, 2, 21:9, 145.38, 116.46
960x540, 2, 9:16, 143.80, 123.37
960x540, 3, 4:3, 153.20, 122.25
960x540, 3, 5:4, 150.59, 121.48
960x540, 3, 16:10, 153.13, 121.85
960x540, 3, 16:9, 154.46, 122.19
960x540, 3, 21:9, 145.40, 116.80
960x540, 3, 9:16, 144.11, 123.36
960x540, 4, 4:3, 152.88, 122.30
960x540, 4, 5:4, 150.91, 121.52
960x540, 4, 16:10, 153.21, 121.61
960x540, 4, 16:9, 154.22, 122.13
960x540, 4, 21:9, 145.19, 116.57
960x540, 4, 9:16, 143.72, 123.74
960x540, 5, 4:3, 151.89, 121.83
960x540, 5, 5:4, 150.91, 121.11
960x540, 5, 16:10, 153.03, 121.57
960x540, 5, 16:9, 154.72, 122.22
960x540, 5, 21:9, 144.50, 116.01
960x540, 5, 9:16, 143.18, 122.67
960x540, 6, 4:3, 152.61, 121.66
960x540, 6, 5:4, 150.60, 121.56
960x540, 6, 16:10, 153.68, 121.72
960x540, 6, 16:9, 153.50, 121.64
960x540, 6, 21:9, 145.13, 116.02
960x540, 6, 9:16, 143.38, 122.76
960x540, 7, 4:3, 151.98, 121.41
960x540, 7, 5:4, 150.55, 121.41
960x540, 7, 16:10, 153.06, 121.58
960x540, 7, 16:9, 154.01, 121.43
960x540, 7, 21:9, 144.51, 115.86
960x540, 7, 9:16, 142.64, 122.11
960x540, 8, 4:3, 152.24, 121.57
960x540, 8, 5:4, 150.79, 121.66
960x540, 8, 16:10, 153.34, 121.53
960x540, 8, 16:9, 153.03, 121.23
960x540, 8, 21:9, 144.48, 115.79
960x540, 8, 9:16, 141.47, 122.51
960x540, 9, 4:3, 152.56, 121.57
960x540, 9, 5:4, 150.72, 121.44
960x540, 9, 16:10, 153.26, 121.48
960x540, 9, 16:9, 153.80, 121.64
960x540, 9, 21:9, 144.38, 115.74
960x540, 9, 9:16, 142.69, 122.24
