﻿File,Application Name,Compositor,Date and Time,Average FPS (Application),Average frame time (ms) (Application),95th-percentile frame time (ms) (Application),99th-percentile frame time (ms) (Application),99.9th-percentile frame time (ms) (Application),Missed frames (Application),Average number of missed frames (Application),Maximum number of consecutive missed frames (Application),Missed frames (Compositor),Average number of missed frames (Compositor),Maximum number of consecutive missed frames (Compositor),Average Estimated Driver Lag (ms),Width,Height,User Note,Motherboard,OS,Processor,System RAM,Base Driver Version,Driver Package,GPU #,GPU,GPU Core Clock (MHz),GPU Memory Clock (MHz),GPU Memory (MB)
OCAT-Sam2017.exe-2020-01-24T110546.csv,Sam2017.exe,DWM,20200124-110546,333.2,3.0,3.7,4.0,4.3,0,0.0,0,0,0.0,0,5.7,1280,960,,"Micro-Star International Co., Ltd. B450M MORTAR (MS-7B89)","Windows 10 Home 1909 (OS Build 18362.1.amd64fre.19h1_release.190318-1202)","AMD Ryzen 7 2700X Eight-Core Processor         ",16 GB DDR4 3000 MT/s,,,1,NVIDIA GeForce RTX 2060,0,-,0
OCAT-Sam2017.exe-2020-01-24T111116.csv,Sam2017.exe,DWM,20200124-111116,335.9,3.0,3.7,4.0,4.4,0,0.0,0,0,0.0,0,5.7,1280,960,,"Micro-Star International Co., Ltd. B450M MORTAR (MS-7B89)","Windows 10 Home 1909 (OS Build 18362.1.amd64fre.19h1_release.190318-1202)","AMD Ryzen 7 2700X Eight-Core Processor         ",16 GB DDR4 3000 MT/s,,,1,NVIDIA GeForce RTX 2060,0,-,0
OCAT-Sam2017.exe-2020-01-24T111646.csv,Sam2017.exe,DWM,20200124-111646,333.5,3.0,3.7,3.9,4.2,0,0.0,0,0,0.0,0,5.7,1280,960,,"Micro-Star International Co., Ltd. B450M MORTAR (MS-7B89)","Windows 10 Home 1909 (OS Build 18362.1.amd64fre.19h1_release.190318-1202)","AMD Ryzen 7 2700X Eight-Core Processor         ",16 GB DDR4 3000 MT/s,,,1,NVIDIA GeForce RTX 2060,0,-,0
OCAT-Sam2017.exe-2020-01-24T112215.csv,Sam2017.exe,DWM,20200124-112215,328.3,3.0,3.8,4.0,4.3,0,0.0,0,0,0.0,0,5.7,1280,960,,"Micro-Star International Co., Ltd. B450M MORTAR (MS-7B89)","Windows 10 Home 1909 (OS Build 18362.1.amd64fre.19h1_release.190318-1202)","AMD Ryzen 7 2700X Eight-Core Processor         ",16 GB DDR4 3000 MT/s,,,1,NVIDIA GeForce RTX 2060,0,-,0
OCAT-Sam2017.exe-2020-01-24T112742.csv,Sam2017.exe,DWM,20200124-112742,336.0,3.0,3.6,3.9,4.2,0,0.0,0,0,0.0,0,5.7,1280,960,,"Micro-Star International Co., Ltd. B450M MORTAR (MS-7B89)","Windows 10 Home 1909 (OS Build 18362.1.amd64fre.19h1_release.190318-1202)","AMD Ryzen 7 2700X Eight-Core Processor         ",16 GB DDR4 3000 MT/s,,,1,NVIDIA GeForce RTX 2060,0,-,0

OCAT-Sam2017.exe-2020-01-24T113859.csv,Sam2017.exe,DWM,20200124-113859,328.4,3.0,3.7,4.0,4.4,0,0.0,0,0,0.0,0,5.8,1280,960,,"Micro-Star International Co., Ltd. B450M MORTAR (MS-7B89)","Windows 10 Home 1909 (OS Build 18362.1.amd64fre.19h1_release.190318-1202)","AMD Ryzen 7 2700X Eight-Core Processor         ",16 GB DDR4 3000 MT/s,,,1,NVIDIA GeForce RTX 2060,0,-,0
OCAT-Sam2017.exe-2020-01-24T114429.csv,Sam2017.exe,DWM,20200124-114429,332.6,3.0,3.7,4.0,4.4,0,0.0,0,0,0.0,0,5.7,1280,960,,"Micro-Star International Co., Ltd. B450M MORTAR (MS-7B89)","Windows 10 Home 1909 (OS Build 18362.1.amd64fre.19h1_release.190318-1202)","AMD Ryzen 7 2700X Eight-Core Processor         ",16 GB DDR4 3000 MT/s,,,1,NVIDIA GeForce RTX 2060,0,-,0
OCAT-Sam2017.exe-2020-01-24T114959.csv,Sam2017.exe,DWM,20200124-114959,332.4,3.0,3.7,3.9,4.2,0,0.0,0,0,0.0,0,5.6,1280,960,,"Micro-Star International Co., Ltd. B450M MORTAR (MS-7B89)","Windows 10 Home 1909 (OS Build 18362.1.amd64fre.19h1_release.190318-1202)","AMD Ryzen 7 2700X Eight-Core Processor         ",16 GB DDR4 3000 MT/s,,,1,NVIDIA GeForce RTX 2060,0,-,0
OCAT-Sam2017.exe-2020-01-24T115528.csv,Sam2017.exe,DWM,20200124-115528,331.4,3.0,3.7,4.0,4.4,0,0.0,0,0,0.0,0,5.7,1280,960,,"Micro-Star International Co., Ltd. B450M MORTAR (MS-7B89)","Windows 10 Home 1909 (OS Build 18362.1.amd64fre.19h1_release.190318-1202)","AMD Ryzen 7 2700X Eight-Core Processor         ",16 GB DDR4 3000 MT/s,,,1,NVIDIA GeForce RTX 2060,0,-,0
OCAT-Sam2017.exe-2020-01-24T125632.csv,Sam2017.exe,DWM,20200124-125632,331.0,3.0,3.7,3.9,4.3,0,0.0,0,0,0.0,0,5.7,1280,960,,"Micro-Star International Co., Ltd. B450M MORTAR (MS-7B89)","Windows 10 Home 1909 (OS Build 18362.1.amd64fre.19h1_release.190318-1202)","AMD Ryzen 7 2700X Eight-Core Processor         ",16 GB DDR4 3000 MT/s,,,1,NVIDIA GeForce RTX 2060,0,-,0

OCAT-Sam2017.exe-2020-01-24T120642.csv,Sam2017.exe,DWM,20200124-120642,330.4,3.0,3.6,3.9,4.2,0,0.0,0,0,0.0,0,5.7,1280,960,,"Micro-Star International Co., Ltd. B450M MORTAR (MS-7B89)","Windows 10 Home 1909 (OS Build 18362.1.amd64fre.19h1_release.190318-1202)","AMD Ryzen 7 2700X Eight-Core Processor         ",16 GB DDR4 3000 MT/s,,,1,NVIDIA GeForce RTX 2060,0,-,0
OCAT-Sam2017.exe-2020-01-24T121210.csv,Sam2017.exe,DWM,20200124-121210,332.5,3.0,3.7,4.0,4.4,0,0.0,0,0,0.0,0,5.7,1280,960,,"Micro-Star International Co., Ltd. B450M MORTAR (MS-7B89)","Windows 10 Home 1909 (OS Build 18362.1.amd64fre.19h1_release.190318-1202)","AMD Ryzen 7 2700X Eight-Core Processor         ",16 GB DDR4 3000 MT/s,,,1,NVIDIA GeForce RTX 2060,0,-,0
OCAT-Sam2017.exe-2020-01-24T121740.csv,Sam2017.exe,DWM,20200124-121740,335.4,3.0,3.7,4.0,4.5,0,0.0,0,0,0.0,0,5.7,1280,960,,"Micro-Star International Co., Ltd. B450M MORTAR (MS-7B89)","Windows 10 Home 1909 (OS Build 18362.1.amd64fre.19h1_release.190318-1202)","AMD Ryzen 7 2700X Eight-Core Processor         ",16 GB DDR4 3000 MT/s,,,1,NVIDIA GeForce RTX 2060,0,-,0
OCAT-Sam2017.exe-2020-01-24T122307.csv,Sam2017.exe,DWM,20200124-122307,333.7,3.0,3.6,3.8,4.1,0,0.0,0,0,0.0,0,5.6,1280,960,,"Micro-Star International Co., Ltd. B450M MORTAR (MS-7B89)","Windows 10 Home 1909 (OS Build 18362.1.amd64fre.19h1_release.190318-1202)","AMD Ryzen 7 2700X Eight-Core Processor         ",16 GB DDR4 3000 MT/s,,,1,NVIDIA GeForce RTX 2060,0,-,0
OCAT-Sam2017.exe-2020-01-24T123409.csv,Sam2017.exe,DWM,20200124-123409,331.8,3.0,3.7,3.9,4.3,0,0.0,0,0,0.0,0,5.7,1280,960,,"Micro-Star International Co., Ltd. B450M MORTAR (MS-7B89)","Windows 10 Home 1909 (OS Build 18362.1.amd64fre.19h1_release.190318-1202)","AMD Ryzen 7 2700X Eight-Core Processor         ",16 GB DDR4 3000 MT/s,,,1,NVIDIA GeForce RTX 2060,0,-,0

OCAT-Sam2017.exe-2020-01-24T130817.csv,Sam2017.exe,DWM,20200124-130817,326.4,3.1,3.8,4.0,4.3,0,0.0,0,0,0.0,0,5.6,1280,960,,"Micro-Star International Co., Ltd. B450M MORTAR (MS-7B89)","Windows 10 Home 1909 (OS Build 18362.1.amd64fre.19h1_release.190318-1202)","AMD Ryzen 7 2700X Eight-Core Processor         ",16 GB DDR4 3000 MT/s,,,1,NVIDIA GeForce RTX 2060,0,-,0
OCAT-Sam2017.exe-2020-01-24T131347.csv,Sam2017.exe,DWM,20200124-131347,326.7,3.1,3.8,4.0,4.4,0,0.0,0,0,0.0,0,5.7,1280,960,,"Micro-Star International Co., Ltd. B450M MORTAR (MS-7B89)","Windows 10 Home 1909 (OS Build 18362.1.amd64fre.19h1_release.190318-1202)","AMD Ryzen 7 2700X Eight-Core Processor         ",16 GB DDR4 3000 MT/s,,,1,NVIDIA GeForce RTX 2060,0,-,0
OCAT-Sam2017.exe-2020-01-24T131916.csv,Sam2017.exe,DWM,20200124-131916,326.8,3.1,3.8,4.0,4.3,0,0.0,0,0,0.0,0,5.7,1280,960,,"Micro-Star International Co., Ltd. B450M MORTAR (MS-7B89)","Windows 10 Home 1909 (OS Build 18362.1.amd64fre.19h1_release.190318-1202)","AMD Ryzen 7 2700X Eight-Core Processor         ",16 GB DDR4 3000 MT/s,,,1,NVIDIA GeForce RTX 2060,0,-,0
OCAT-Sam2017.exe-2020-01-24T133014.csv,Sam2017.exe,DWM,20200124-133014,334.9,3.0,3.7,3.9,4.2,0,0.0,0,0,0.0,0,5.6,1280,960,,"Micro-Star International Co., Ltd. B450M MORTAR (MS-7B89)","Windows 10 Home 1909 (OS Build 18362.1.amd64fre.19h1_release.190318-1202)","AMD Ryzen 7 2700X Eight-Core Processor         ",16 GB DDR4 3000 MT/s,,,1,NVIDIA GeForce RTX 2060,0,-,0
OCAT-Sam2017.exe-2020-01-24T133543.csv,Sam2017.exe,DWM,20200124-133543,330.8,3.0,3.7,4.0,4.3,0,0.0,0,0,0.0,0,5.7,1280,960,,"Micro-Star International Co., Ltd. B450M MORTAR (MS-7B89)","Windows 10 Home 1909 (OS Build 18362.1.amd64fre.19h1_release.190318-1202)","AMD Ryzen 7 2700X Eight-Core Processor         ",16 GB DDR4 3000 MT/s,,,1,NVIDIA GeForce RTX 2060,0,-,0

OCAT-Sam2017.exe-2020-01-24T134212.csv,Sam2017.exe,DWM,20200124-134212,337.2,3.0,3.6,3.9,4.2,0,0.0,0,0,0.0,0,5.6,1280,960,,"Micro-Star International Co., Ltd. B450M MORTAR (MS-7B89)","Windows 10 Home 1909 (OS Build 18362.1.amd64fre.19h1_release.190318-1202)","AMD Ryzen 7 2700X Eight-Core Processor         ",16 GB DDR4 3000 MT/s,,,1,NVIDIA GeForce RTX 2060,0,-,0
OCAT-Sam2017.exe-2020-01-24T134740.csv,Sam2017.exe,DWM,20200124-134740,337.4,3.0,3.6,3.9,4.3,0,0.0,0,0,0.0,0,5.7,1280,960,,"Micro-Star International Co., Ltd. B450M MORTAR (MS-7B89)","Windows 10 Home 1909 (OS Build 18362.1.amd64fre.19h1_release.190318-1202)","AMD Ryzen 7 2700X Eight-Core Processor         ",16 GB DDR4 3000 MT/s,,,1,NVIDIA GeForce RTX 2060,0,-,0
OCAT-Sam2017.exe-2020-01-24T135310.csv,Sam2017.exe,DWM,20200124-135310,333.6,3.0,3.6,3.9,4.3,0,0.0,0,0,0.0,0,5.8,1280,960,,"Micro-Star International Co., Ltd. B450M MORTAR (MS-7B89)","Windows 10 Home 1909 (OS Build 18362.1.amd64fre.19h1_release.190318-1202)","AMD Ryzen 7 2700X Eight-Core Processor         ",16 GB DDR4 3000 MT/s,,,1,NVIDIA GeForce RTX 2060,0,-,0
OCAT-Sam2017.exe-2020-01-24T135840.csv,Sam2017.exe,DWM,20200124-135840,335.7,3.0,3.7,4.0,4.3,0,0.0,0,0,0.0,0,5.7,1280,960,,"Micro-Star International Co., Ltd. B450M MORTAR (MS-7B89)","Windows 10 Home 1909 (OS Build 18362.1.amd64fre.19h1_release.190318-1202)","AMD Ryzen 7 2700X Eight-Core Processor         ",16 GB DDR4 3000 MT/s,,,1,NVIDIA GeForce RTX 2060,0,-,0
OCAT-Sam2017.exe-2020-01-24T140409.csv,Sam2017.exe,DWM,20200124-140409,336.4,3.0,3.6,3.9,4.3,0,0.0,0,0,0.0,0,5.8,1280,960,,"Micro-Star International Co., Ltd. B450M MORTAR (MS-7B89)","Windows 10 Home 1909 (OS Build 18362.1.amd64fre.19h1_release.190318-1202)","AMD Ryzen 7 2700X Eight-Core Processor         ",16 GB DDR4 3000 MT/s,,,1,NVIDIA GeForce RTX 2060,0,-,0
