File,Application Name,Average FPS (Application),Average frame time (ms) (Application),95th-percentile frame time (ms) (Application),99th-percentile frame time (ms) (Application),99.9th-percentile frame time (ms) (Application),Average Estimated Driver Lag (ms),Width,Height,Motherboard,OS,Processor,System RAM,Base Driver Version,Driver Package,GPU #,GPU,GPU Core Clock (MHz),GPU Memory Clock (MHz),GPU Memory (MB)
OCAT-Sam2017.exe-2020-01-24T214846.csv,Sam2017.exe,312.07,3.2044,3.681,3.93,4.296,6.427450892094929,1600,900,"Micro-Star International Co., Ltd. B450M MORTAR (MS-7B89)",Windows 10 Home 1909 (OS Build 18362.1.amd64fre.19h1_release.190318-1202),AMD Ryzen 7 2700X Eight-Core Processor,16 GB DDR4 3000 MT/s,NA,NA,1,NVIDIA GeForce RTX 2060,0,-,0
OCAT-Sam2017.exe-2020-01-24T215413.csv,Sam2017.exe,307.17,3.2555,3.837,4.061,4.484306000000011,6.575095584488796,1600,900,"Micro-Star International Co., Ltd. B450M MORTAR (MS-7B89)",Windows 10 Home 1909 (OS Build 18362.1.amd64fre.19h1_release.190318-1202),AMD Ryzen 7 2700X Eight-Core Processor,16 GB DDR4 3000 MT/s,NA,NA,1,NVIDIA GeForce RTX 2060,0,-,0
OCAT-Sam2017.exe-2020-01-24T215939.csv,Sam2017.exe,309.98,3.226,3.698,3.956,4.404,6.590010967291477,1600,900,"Micro-Star International Co., Ltd. B450M MORTAR (MS-7B89)",Windows 10 Home 1909 (OS Build 18362.1.amd64fre.19h1_release.190318-1202),AMD Ryzen 7 2700X Eight-Core Processor,16 GB DDR4 3000 MT/s,NA,NA,1,NVIDIA GeForce RTX 2060,0,-,0
OCAT-Sam2017.exe-2020-01-24T220506.csv,Sam2017.exe,313.47,3.1901,3.794,4.067,4.429851999999999,6.583995645200693,1600,900,"Micro-Star International Co., Ltd. B450M MORTAR (MS-7B89)",Windows 10 Home 1909 (OS Build 18362.1.amd64fre.19h1_release.190318-1202),AMD Ryzen 7 2700X Eight-Core Processor,16 GB DDR4 3000 MT/s,NA,NA,1,NVIDIA GeForce RTX 2060,0,-,0
OCAT-Sam2017.exe-2020-01-24T221033.csv,Sam2017.exe,311.99,3.2052,3.731,3.982,4.454332999999998,6.48043932826579,1600,900,"Micro-Star International Co., Ltd. B450M MORTAR (MS-7B89)",Windows 10 Home 1909 (OS Build 18362.1.amd64fre.19h1_release.190318-1202),AMD Ryzen 7 2700X Eight-Core Processor,16 GB DDR4 3000 MT/s,NA,NA,1,NVIDIA GeForce RTX 2060,0,-,0

OCAT-Sam2017.exe-2020-01-24T221618.csv,Sam2017.exe,311.27,3.2126,3.688,3.909,4.307617000000057,6.544907421273319,1600,900,"Micro-Star International Co., Ltd. B450M MORTAR (MS-7B89)",Windows 10 Home 1909 (OS Build 18362.1.amd64fre.19h1_release.190318-1202),AMD Ryzen 7 2700X Eight-Core Processor,16 GB DDR4 3000 MT/s,NA,NA,1,NVIDIA GeForce RTX 2060,0,-,0
OCAT-Sam2017.exe-2020-01-24T222145.csv,Sam2017.exe,313.69,3.1879,3.685,3.898979999999996,4.340595999999991,6.403792745453966,1600,900,"Micro-Star International Co., Ltd. B450M MORTAR (MS-7B89)",Windows 10 Home 1909 (OS Build 18362.1.amd64fre.19h1_release.190318-1202),AMD Ryzen 7 2700X Eight-Core Processor,16 GB DDR4 3000 MT/s,NA,NA,1,NVIDIA GeForce RTX 2060,0,-,0
OCAT-Sam2017.exe-2020-01-24T222711.csv,Sam2017.exe,308.62,3.2402,3.784,4.042,4.479327000000005,6.57387627597816,1600,900,"Micro-Star International Co., Ltd. B450M MORTAR (MS-7B89)",Windows 10 Home 1909 (OS Build 18362.1.amd64fre.19h1_release.190318-1202),AMD Ryzen 7 2700X Eight-Core Processor,16 GB DDR4 3000 MT/s,NA,NA,1,NVIDIA GeForce RTX 2060,0,-,0
OCAT-Sam2017.exe-2020-01-24T223236.csv,Sam2017.exe,308.75,3.2388,3.736,3.982,4.429119999999996,6.543510456099481,1600,900,"Micro-Star International Co., Ltd. B450M MORTAR (MS-7B89)",Windows 10 Home 1909 (OS Build 18362.1.amd64fre.19h1_release.190318-1202),AMD Ryzen 7 2700X Eight-Core Processor,16 GB DDR4 3000 MT/s,NA,NA,1,NVIDIA GeForce RTX 2060,0,-,0
OCAT-Sam2017.exe-2020-01-24T223801.csv,Sam2017.exe,306.2,3.2658,3.766,4,4.420122999999992,6.525432459765115,1600,900,"Micro-Star International Co., Ltd. B450M MORTAR (MS-7B89)",Windows 10 Home 1909 (OS Build 18362.1.amd64fre.19h1_release.190318-1202),AMD Ryzen 7 2700X Eight-Core Processor,16 GB DDR4 3000 MT/s,NA,NA,1,NVIDIA GeForce RTX 2060,0,-,0

OCAT-Sam2017.exe-2020-01-24T224341.csv,Sam2017.exe,312.97,3.1952,3.702,3.919,4.298017999999996,6.523750263345499,1600,900,"Micro-Star International Co., Ltd. B450M MORTAR (MS-7B89)",Windows 10 Home 1909 (OS Build 18362.1.amd64fre.19h1_release.190318-1202),AMD Ryzen 7 2700X Eight-Core Processor,16 GB DDR4 3000 MT/s,NA,NA,1,NVIDIA GeForce RTX 2060,0,-,0
OCAT-Sam2017.exe-2020-01-24T224908.csv,Sam2017.exe,307.35,3.2537,3.767,4.108979999999996,4.553396000000008,6.552488358991582,1600,900,"Micro-Star International Co., Ltd. B450M MORTAR (MS-7B89)",Windows 10 Home 1909 (OS Build 18362.1.amd64fre.19h1_release.190318-1202),AMD Ryzen 7 2700X Eight-Core Processor,16 GB DDR4 3000 MT/s,NA,NA,1,NVIDIA GeForce RTX 2060,0,-,0
OCAT-Sam2017.exe-2020-01-24T225435.csv,Sam2017.exe,312.45,3.2005,3.696,3.958,4.662672000000021,6.537822974614746,1600,900,"Micro-Star International Co., Ltd. B450M MORTAR (MS-7B89)",Windows 10 Home 1909 (OS Build 18362.1.amd64fre.19h1_release.190318-1202),AMD Ryzen 7 2700X Eight-Core Processor,16 GB DDR4 3000 MT/s,NA,NA,1,NVIDIA GeForce RTX 2060,0,-,0
OCAT-Sam2017.exe-2020-01-24T230000.csv,Sam2017.exe,307.69,3.25,3.762,4.048,4.52093799999998,6.53356905419306,1600,900,"Micro-Star International Co., Ltd. B450M MORTAR (MS-7B89)",Windows 10 Home 1909 (OS Build 18362.1.amd64fre.19h1_release.190318-1202),AMD Ryzen 7 2700X Eight-Core Processor,16 GB DDR4 3000 MT/s,NA,NA,1,NVIDIA GeForce RTX 2060,0,-,0
OCAT-Sam2017.exe-2020-01-24T230529.csv,Sam2017.exe,308.78,3.2386,3.757,4.035,4.501143999999971,6.591134321115461,1600,900,"Micro-Star International Co., Ltd. B450M MORTAR (MS-7B89)",Windows 10 Home 1909 (OS Build 18362.1.amd64fre.19h1_release.190318-1202),AMD Ryzen 7 2700X Eight-Core Processor,16 GB DDR4 3000 MT/s,NA,NA,1,NVIDIA GeForce RTX 2060,0,-,0

OCAT-Sam2017.exe-2020-01-24T231110.csv,Sam2017.exe,316.39,3.1606,3.7,3.951,4.372005999999979,6.433775555532163,1600,900,"Micro-Star International Co., Ltd. B450M MORTAR (MS-7B89)",Windows 10 Home 1909 (OS Build 18362.1.amd64fre.19h1_release.190318-1202),AMD Ryzen 7 2700X Eight-Core Processor,16 GB DDR4 3000 MT/s,NA,NA,1,NVIDIA GeForce RTX 2060,0,-,0
OCAT-Sam2017.exe-2020-01-24T231639.csv,Sam2017.exe,308.64,3.24,3.869,4.121,4.55,6.575434648914592,1600,900,"Micro-Star International Co., Ltd. B450M MORTAR (MS-7B89)",Windows 10 Home 1909 (OS Build 18362.1.amd64fre.19h1_release.190318-1202),AMD Ryzen 7 2700X Eight-Core Processor,16 GB DDR4 3000 MT/s,NA,NA,1,NVIDIA GeForce RTX 2060,0,-,0
OCAT-Sam2017.exe-2020-01-24T232209.csv,Sam2017.exe,307.88,3.2481,3.741,4.012,4.503676999999982,6.530205036671643,1600,900,"Micro-Star International Co., Ltd. B450M MORTAR (MS-7B89)",Windows 10 Home 1909 (OS Build 18362.1.amd64fre.19h1_release.190318-1202),AMD Ryzen 7 2700X Eight-Core Processor,16 GB DDR4 3000 MT/s,NA,NA,1,NVIDIA GeForce RTX 2060,0,-,0
OCAT-Sam2017.exe-2020-01-24T232736.csv,Sam2017.exe,307.47,3.2524,3.777,4.082,4.566106000000014,6.600337685132017,1600,900,"Micro-Star International Co., Ltd. B450M MORTAR (MS-7B89)",Windows 10 Home 1909 (OS Build 18362.1.amd64fre.19h1_release.190318-1202),AMD Ryzen 7 2700X Eight-Core Processor,16 GB DDR4 3000 MT/s,NA,NA,1,NVIDIA GeForce RTX 2060,0,-,0
OCAT-Sam2017.exe-2020-01-24T233303.csv,Sam2017.exe,312.67,3.1983,3.701,3.96,4.416504999999976,6.503595026624068,1600,900,"Micro-Star International Co., Ltd. B450M MORTAR (MS-7B89)",Windows 10 Home 1909 (OS Build 18362.1.amd64fre.19h1_release.190318-1202),AMD Ryzen 7 2700X Eight-Core Processor,16 GB DDR4 3000 MT/s,NA,NA,1,NVIDIA GeForce RTX 2060,0,-,0

OCAT-Sam2017.exe-2020-01-24T233838.csv,Sam2017.exe,311.79,3.2073,3.659,3.917,4.380747999999992,6.4611871575507065,1600,900,"Micro-Star International Co., Ltd. B450M MORTAR (MS-7B89)",Windows 10 Home 1909 (OS Build 18362.1.amd64fre.19h1_release.190318-1202),AMD Ryzen 7 2700X Eight-Core Processor,16 GB DDR4 3000 MT/s,NA,NA,1,NVIDIA GeForce RTX 2060,0,-,0
OCAT-Sam2017.exe-2020-01-24T234406.csv,Sam2017.exe,307.6,3.2509,3.753,4.054,4.485611000000005,6.6342907890464335,1600,900,"Micro-Star International Co., Ltd. B450M MORTAR (MS-7B89)",Windows 10 Home 1909 (OS Build 18362.1.amd64fre.19h1_release.190318-1202),AMD Ryzen 7 2700X Eight-Core Processor,16 GB DDR4 3000 MT/s,NA,NA,1,NVIDIA GeForce RTX 2060,0,-,0
OCAT-Sam2017.exe-2020-01-24T234932.csv,Sam2017.exe,311.66,3.2086,3.704,3.982,4.441400999999997,6.608479177350428,1600,900,"Micro-Star International Co., Ltd. B450M MORTAR (MS-7B89)",Windows 10 Home 1909 (OS Build 18362.1.amd64fre.19h1_release.190318-1202),AMD Ryzen 7 2700X Eight-Core Processor,16 GB DDR4 3000 MT/s,NA,NA,1,NVIDIA GeForce RTX 2060,0,-,0
OCAT-Sam2017.exe-2020-01-24T235458.csv,Sam2017.exe,312.5,3.2,3.779,4.108,4.571452999999994,6.597809770911028,1600,900,"Micro-Star International Co., Ltd. B450M MORTAR (MS-7B89)",Windows 10 Home 1909 (OS Build 18362.1.amd64fre.19h1_release.190318-1202),AMD Ryzen 7 2700X Eight-Core Processor,16 GB DDR4 3000 MT/s,NA,NA,1,NVIDIA GeForce RTX 2060,0,-,0
OCAT-Sam2017.exe-2020-01-25T000023.csv,Sam2017.exe,313.65,3.1883,3.728,3.999,4.364,6.493291940894229,1600,900,"Micro-Star International Co., Ltd. B450M MORTAR (MS-7B89)",Windows 10 Home 1909 (OS Build 18362.1.amd64fre.19h1_release.190318-1202),AMD Ryzen 7 2700X Eight-Core Processor,16 GB DDR4 3000 MT/s,NA,NA,1,NVIDIA GeForce RTX 2060,0,-,0
