File,Application Name,Average FPS (Application),Average frame time (ms) (Application),95th-percentile frame time (ms) (Application),99th-percentile frame time (ms) (Application),99.9th-percentile frame time (ms) (Application),Average Estimated Driver Lag (ms),Width,Height,Motherboard,OS,Processor,System RAM,Base Driver Version,Driver Package,GPU #,GPU,GPU Core Clock (MHz),GPU Memory Clock (MHz),GPU Memory (MB)
OCAT-Sam2017.exe-2020-01-25T101317.csv,Sam2017.exe,369.7,2.7049,3.431,3.733,4.093927999999986,4.457472689283752,1280,720,"Micro-Star International Co., Ltd. B450M MORTAR (MS-7B89)",Windows 10 Home 1909 (OS Build 18362.1.amd64fre.19h1_release.190318-1202),AMD Ryzen 7 2700X Eight-Core Processor,16 GB DDR4 3000 MT/s,NA,NA,1,NVIDIA GeForce RTX 2060,0,-,0
OCAT-Sam2017.exe-2020-01-25T101849.csv,Sam2017.exe,371.3,2.6933,3.454,3.688,3.9904790000000068,4.516477295959541,1280,720,"Micro-Star International Co., Ltd. B450M MORTAR (MS-7B89)",Windows 10 Home 1909 (OS Build 18362.1.amd64fre.19h1_release.190318-1202),AMD Ryzen 7 2700X Eight-Core Processor,16 GB DDR4 3000 MT/s,NA,NA,1,NVIDIA GeForce RTX 2060,0,-,0
OCAT-Sam2017.exe-2020-01-25T102420.csv,Sam2017.exe,369.51,2.7063,3.383,3.626119999999995,3.9340720000000147,4.557619511843516,1280,720,"Micro-Star International Co., Ltd. B450M MORTAR (MS-7B89)",Windows 10 Home 1909 (OS Build 18362.1.amd64fre.19h1_release.190318-1202),AMD Ryzen 7 2700X Eight-Core Processor,16 GB DDR4 3000 MT/s,NA,NA,1,NVIDIA GeForce RTX 2060,0,-,0
OCAT-Sam2017.exe-2020-01-25T103000.csv,Sam2017.exe,366.52,2.7283,3.439,3.686,4.034859999999986,4.57867343805362,1280,720,"Micro-Star International Co., Ltd. B450M MORTAR (MS-7B89)",Windows 10 Home 1909 (OS Build 18362.1.amd64fre.19h1_release.190318-1202),AMD Ryzen 7 2700X Eight-Core Processor,16 GB DDR4 3000 MT/s,NA,NA,1,NVIDIA GeForce RTX 2060,0,-,0
OCAT-Sam2017.exe-2020-01-25T103538.csv,Sam2017.exe,362.47,2.7589,3.663,3.955,4.275154999999999,4.660761534645279,1280,720,"Micro-Star International Co., Ltd. B450M MORTAR (MS-7B89)",Windows 10 Home 1909 (OS Build 18362.1.amd64fre.19h1_release.190318-1202),AMD Ryzen 7 2700X Eight-Core Processor,16 GB DDR4 3000 MT/s,NA,NA,1,NVIDIA GeForce RTX 2060,0,-,0

OCAT-Sam2017.exe-2020-01-25T104136.csv,Sam2017.exe,362.06,2.762,3.503,3.747,4.058251999999993,4.674372932164894,1280,720,"Micro-Star International Co., Ltd. B450M MORTAR (MS-7B89)",Windows 10 Home 1909 (OS Build 18362.1.amd64fre.19h1_release.190318-1202),AMD Ryzen 7 2700X Eight-Core Processor,16 GB DDR4 3000 MT/s,NA,NA,1,NVIDIA GeForce RTX 2060,0,-,0
OCAT-Sam2017.exe-2020-01-25T104706.csv,Sam2017.exe,358.5,2.7894,3.509,3.763,4.068,4.681706574426594,1280,720,"Micro-Star International Co., Ltd. B450M MORTAR (MS-7B89)",Windows 10 Home 1909 (OS Build 18362.1.amd64fre.19h1_release.190318-1202),AMD Ryzen 7 2700X Eight-Core Processor,16 GB DDR4 3000 MT/s,NA,NA,1,NVIDIA GeForce RTX 2060,0,-,0
OCAT-Sam2017.exe-2020-01-25T105251.csv,Sam2017.exe,366.53,2.7283,3.465,3.702,4.027,4.664944690245387,1280,720,"Micro-Star International Co., Ltd. B450M MORTAR (MS-7B89)",Windows 10 Home 1909 (OS Build 18362.1.amd64fre.19h1_release.190318-1202),AMD Ryzen 7 2700X Eight-Core Processor,16 GB DDR4 3000 MT/s,NA,NA,1,NVIDIA GeForce RTX 2060,0,-,0
OCAT-Sam2017.exe-2020-01-25T105822.csv,Sam2017.exe,352.5,2.8369,3.545,3.783,4.114112999999997,4.750751435478997,1280,720,"Micro-Star International Co., Ltd. B450M MORTAR (MS-7B89)",Windows 10 Home 1909 (OS Build 18362.1.amd64fre.19h1_release.190318-1202),AMD Ryzen 7 2700X Eight-Core Processor,16 GB DDR4 3000 MT/s,NA,NA,1,NVIDIA GeForce RTX 2060,0,-,0
OCAT-Sam2017.exe-2020-01-25T110353.csv,Sam2017.exe,355.76,2.8109,3.517,3.741,4.044,4.73331843575419,1280,720,"Micro-Star International Co., Ltd. B450M MORTAR (MS-7B89)",Windows 10 Home 1909 (OS Build 18362.1.amd64fre.19h1_release.190318-1202),AMD Ryzen 7 2700X Eight-Core Processor,16 GB DDR4 3000 MT/s,NA,NA,1,NVIDIA GeForce RTX 2060,0,-,0

OCAT-Sam2017.exe-2020-01-25T110939.csv,Sam2017.exe,364.96,2.74,3.544,3.835,4.131373000000007,4.705685208158499,1280,720,"Micro-Star International Co., Ltd. B450M MORTAR (MS-7B89)",Windows 10 Home 1909 (OS Build 18362.1.amd64fre.19h1_release.190318-1202),AMD Ryzen 7 2700X Eight-Core Processor,16 GB DDR4 3000 MT/s,NA,NA,1,NVIDIA GeForce RTX 2060,0,-,0
OCAT-Sam2017.exe-2020-01-25T111509.csv,Sam2017.exe,365.25,2.7378,3.428,3.677,4.0193200000000076,4.717000857030844,1280,720,"Micro-Star International Co., Ltd. B450M MORTAR (MS-7B89)",Windows 10 Home 1909 (OS Build 18362.1.amd64fre.19h1_release.190318-1202),AMD Ryzen 7 2700X Eight-Core Processor,16 GB DDR4 3000 MT/s,NA,NA,1,NVIDIA GeForce RTX 2060,0,-,0
OCAT-Sam2017.exe-2020-01-25T112039.csv,Sam2017.exe,364.49,2.7436,3.5,3.782,4.146524000000005,4.686324104606447,1280,720,"Micro-Star International Co., Ltd. B450M MORTAR (MS-7B89)",Windows 10 Home 1909 (OS Build 18362.1.amd64fre.19h1_release.190318-1202),AMD Ryzen 7 2700X Eight-Core Processor,16 GB DDR4 3000 MT/s,NA,NA,1,NVIDIA GeForce RTX 2060,0,-,0
OCAT-Sam2017.exe-2020-01-25T112611.csv,Sam2017.exe,363.82,2.7486,3.406,3.706,4.038565999999991,4.716041522459668,1280,720,"Micro-Star International Co., Ltd. B450M MORTAR (MS-7B89)",Windows 10 Home 1909 (OS Build 18362.1.amd64fre.19h1_release.190318-1202),AMD Ryzen 7 2700X Eight-Core Processor,16 GB DDR4 3000 MT/s,NA,NA,1,NVIDIA GeForce RTX 2060,0,-,0
OCAT-Sam2017.exe-2020-01-25T113142.csv,Sam2017.exe,368.14,2.7164,3.482,3.765,4.078099999999991,4.716657156292673,1280,720,"Micro-Star International Co., Ltd. B450M MORTAR (MS-7B89)",Windows 10 Home 1909 (OS Build 18362.1.amd64fre.19h1_release.190318-1202),AMD Ryzen 7 2700X Eight-Core Processor,16 GB DDR4 3000 MT/s,NA,NA,1,NVIDIA GeForce RTX 2060,0,-,0

OCAT-Sam2017.exe-2020-01-25T113722.csv,Sam2017.exe,365.95,2.7326,3.447,3.7,4.045146000000008,4.732883196273924,1280,720,"Micro-Star International Co., Ltd. B450M MORTAR (MS-7B89)",Windows 10 Home 1909 (OS Build 18362.1.amd64fre.19h1_release.190318-1202),AMD Ryzen 7 2700X Eight-Core Processor,16 GB DDR4 3000 MT/s,NA,NA,1,NVIDIA GeForce RTX 2060,0,-,0
OCAT-Sam2017.exe-2020-01-25T114252.csv,Sam2017.exe,372.57,2.684,3.378,3.636,3.9712639999999957,4.727431379560021,1280,720,"Micro-Star International Co., Ltd. B450M MORTAR (MS-7B89)",Windows 10 Home 1909 (OS Build 18362.1.amd64fre.19h1_release.190318-1202),AMD Ryzen 7 2700X Eight-Core Processor,16 GB DDR4 3000 MT/s,NA,NA,1,NVIDIA GeForce RTX 2060,0,-,0
OCAT-Sam2017.exe-2020-01-25T114823.csv,Sam2017.exe,372.25,2.6864,3.39,3.628,3.959359999999986,4.753918476851396,1280,720,"Micro-Star International Co., Ltd. B450M MORTAR (MS-7B89)",Windows 10 Home 1909 (OS Build 18362.1.amd64fre.19h1_release.190318-1202),AMD Ryzen 7 2700X Eight-Core Processor,16 GB DDR4 3000 MT/s,NA,NA,1,NVIDIA GeForce RTX 2060,0,-,0
OCAT-Sam2017.exe-2020-01-25T115353.csv,Sam2017.exe,355.78,2.8107,3.67,3.918,4.2641560000000025,4.8239641349618605,1280,720,"Micro-Star International Co., Ltd. B450M MORTAR (MS-7B89)",Windows 10 Home 1909 (OS Build 18362.1.amd64fre.19h1_release.190318-1202),AMD Ryzen 7 2700X Eight-Core Processor,16 GB DDR4 3000 MT/s,NA,NA,1,NVIDIA GeForce RTX 2060,0,-,0
OCAT-Sam2017.exe-2020-01-25T115921.csv,Sam2017.exe,367.44,2.7216,3.438,3.7017799999999985,4.071033999999999,4.773422985234267,1280,720,"Micro-Star International Co., Ltd. B450M MORTAR (MS-7B89)",Windows 10 Home 1909 (OS Build 18362.1.amd64fre.19h1_release.190318-1202),AMD Ryzen 7 2700X Eight-Core Processor,16 GB DDR4 3000 MT/s,NA,NA,1,NVIDIA GeForce RTX 2060,0,-,0

OCAT-Sam2017.exe-2020-01-25T120506.csv,Sam2017.exe,368.59,2.713,3.541,3.811,4.147,4.761826475477972,1280,720,"Micro-Star International Co., Ltd. B450M MORTAR (MS-7B89)",Windows 10 Home 1909 (OS Build 18362.1.amd64fre.19h1_release.190318-1202),AMD Ryzen 7 2700X Eight-Core Processor,16 GB DDR4 3000 MT/s,NA,NA,1,NVIDIA GeForce RTX 2060,0,-,0
OCAT-Sam2017.exe-2020-01-25T121044.csv,Sam2017.exe,368.38,2.7146,3.5318999999999945,3.885,4.25,4.71838491364117,1280,720,"Micro-Star International Co., Ltd. B450M MORTAR (MS-7B89)",Windows 10 Home 1909 (OS Build 18362.1.amd64fre.19h1_release.190318-1202),AMD Ryzen 7 2700X Eight-Core Processor,16 GB DDR4 3000 MT/s,NA,NA,1,NVIDIA GeForce RTX 2060,0,-,0
OCAT-Sam2017.exe-2020-01-25T121614.csv,Sam2017.exe,374.57,2.6697,3.355,3.591,3.943,4.734651445749913,1280,720,"Micro-Star International Co., Ltd. B450M MORTAR (MS-7B89)",Windows 10 Home 1909 (OS Build 18362.1.amd64fre.19h1_release.190318-1202),AMD Ryzen 7 2700X Eight-Core Processor,16 GB DDR4 3000 MT/s,NA,NA,1,NVIDIA GeForce RTX 2060,0,-,0
OCAT-Sam2017.exe-2020-01-25T122151.csv,Sam2017.exe,375.08,2.6661,3.423,3.9293800000000045,4.22901400000001,4.698827077212572,1280,720,"Micro-Star International Co., Ltd. B450M MORTAR (MS-7B89)",Windows 10 Home 1909 (OS Build 18362.1.amd64fre.19h1_release.190318-1202),AMD Ryzen 7 2700X Eight-Core Processor,16 GB DDR4 3000 MT/s,NA,NA,1,NVIDIA GeForce RTX 2060,0,-,0
OCAT-Sam2017.exe-2020-01-25T122721.csv,Sam2017.exe,368.18,2.7161,3.529,3.934300000000003,4.425429999999993,4.709165558781236,1280,720,"Micro-Star International Co., Ltd. B450M MORTAR (MS-7B89)",Windows 10 Home 1909 (OS Build 18362.1.amd64fre.19h1_release.190318-1202),AMD Ryzen 7 2700X Eight-Core Processor,16 GB DDR4 3000 MT/s,NA,NA,1,NVIDIA GeForce RTX 2060,0,-,0
