File,Application Name,Average FPS (Application),Average frame time (ms) (Application),95th-percentile frame time (ms) (Application),99th-percentile frame time (ms) (Application),99.9th-percentile frame time (ms) (Application),Average Estimated Driver Lag (ms),Width,Height,Motherboard,OS,Processor,System RAM,Base Driver Version,Driver Package,GPU #,GPU,GPU Core Clock (MHz),GPU Memory Clock (MHz),GPU Memory (MB)
OCAT-Sam2017.exe-2020-01-24T163327.csv,Sam2017.exe,337.75,2.9608,3.553,3.838679999999993,4.213703999999998,5.820259944988317,1280,1024,"Micro-Star International Co., Ltd. B450M MORTAR (MS-7B89)",Windows 10 Home 1909 (OS Build 18362.1.amd64fre.19h1_release.190318-1202),AMD Ryzen 7 2700X Eight-Core Processor,16 GB DDR4 3000 MT/s,NA,NA,1,NVIDIA GeForce RTX 2060,0,-,0
OCAT-Sam2017.exe-2020-01-24T163913.csv,Sam2017.exe,336.81,2.9691,3.508,3.78,4.181,5.870316098544764,1280,1024,"Micro-Star International Co., Ltd. B450M MORTAR (MS-7B89)",Windows 10 Home 1909 (OS Build 18362.1.amd64fre.19h1_release.190318-1202),AMD Ryzen 7 2700X Eight-Core Processor,16 GB DDR4 3000 MT/s,NA,NA,1,NVIDIA GeForce RTX 2060,0,-,0
OCAT-Sam2017.exe-2020-01-24T164444.csv,Sam2017.exe,330.95,3.0216,3.617,3.896,4.259604000000007,6.090780979305211,1280,1024,"Micro-Star International Co., Ltd. B450M MORTAR (MS-7B89)",Windows 10 Home 1909 (OS Build 18362.1.amd64fre.19h1_release.190318-1202),AMD Ryzen 7 2700X Eight-Core Processor,16 GB DDR4 3000 MT/s,NA,NA,1,NVIDIA GeForce RTX 2060,0,-,0
OCAT-Sam2017.exe-2020-01-24T165021.csv,Sam2017.exe,328.2,3.0469,3.637,3.927,4.360486000000005,6.064619012333147,1280,1024,"Micro-Star International Co., Ltd. B450M MORTAR (MS-7B89)",Windows 10 Home 1909 (OS Build 18362.1.amd64fre.19h1_release.190318-1202),AMD Ryzen 7 2700X Eight-Core Processor,16 GB DDR4 3000 MT/s,NA,NA,1,NVIDIA GeForce RTX 2060,0,-,0
OCAT-Sam2017.exe-2020-01-24T165551.csv,Sam2017.exe,332.32,3.0092,3.533,3.808,4.251198000000004,5.9849380379347314,1280,1024,"Micro-Star International Co., Ltd. B450M MORTAR (MS-7B89)",Windows 10 Home 1909 (OS Build 18362.1.amd64fre.19h1_release.190318-1202),AMD Ryzen 7 2700X Eight-Core Processor,16 GB DDR4 3000 MT/s,NA,NA,1,NVIDIA GeForce RTX 2060,0,-,0

OCAT-Sam2017.exe-2020-01-24T170151.csv,Sam2017.exe,333.12,3.0019,3.535,3.78,4.161885999999999,5.903072771619069,1280,1024,"Micro-Star International Co., Ltd. B450M MORTAR (MS-7B89)",Windows 10 Home 1909 (OS Build 18362.1.amd64fre.19h1_release.190318-1202),AMD Ryzen 7 2700X Eight-Core Processor,16 GB DDR4 3000 MT/s,NA,NA,1,NVIDIA GeForce RTX 2060,0,-,0
OCAT-Sam2017.exe-2020-01-24T170722.csv,Sam2017.exe,329.41,3.0357,3.562,3.837,4.176073000000004,5.989235120491671,1280,1024,"Micro-Star International Co., Ltd. B450M MORTAR (MS-7B89)",Windows 10 Home 1909 (OS Build 18362.1.amd64fre.19h1_release.190318-1202),AMD Ryzen 7 2700X Eight-Core Processor,16 GB DDR4 3000 MT/s,NA,NA,1,NVIDIA GeForce RTX 2060,0,-,0
OCAT-Sam2017.exe-2020-01-24T171250.csv,Sam2017.exe,331.84,3.0135,3.638,3.906970000000001,4.287396999999997,5.98979728725754,1280,1024,"Micro-Star International Co., Ltd. B450M MORTAR (MS-7B89)",Windows 10 Home 1909 (OS Build 18362.1.amd64fre.19h1_release.190318-1202),AMD Ryzen 7 2700X Eight-Core Processor,16 GB DDR4 3000 MT/s,NA,NA,1,NVIDIA GeForce RTX 2060,0,-,0
OCAT-Sam2017.exe-2020-01-24T171819.csv,Sam2017.exe,334.02,2.9939,3.536,3.79,4.215687000000005,6.025308800366848,1280,1024,"Micro-Star International Co., Ltd. B450M MORTAR (MS-7B89)",Windows 10 Home 1909 (OS Build 18362.1.amd64fre.19h1_release.190318-1202),AMD Ryzen 7 2700X Eight-Core Processor,16 GB DDR4 3000 MT/s,NA,NA,1,NVIDIA GeForce RTX 2060,0,-,0
OCAT-Sam2017.exe-2020-01-24T172347.csv,Sam2017.exe,327.26,3.0557,3.573,3.905,4.4434320000000005,6.031372712010988,1280,1024,"Micro-Star International Co., Ltd. B450M MORTAR (MS-7B89)",Windows 10 Home 1909 (OS Build 18362.1.amd64fre.19h1_release.190318-1202),AMD Ryzen 7 2700X Eight-Core Processor,16 GB DDR4 3000 MT/s,NA,NA,1,NVIDIA GeForce RTX 2060,0,-,0

OCAT-Sam2017.exe-2020-01-24T172954.csv,Sam2017.exe,332.8,3.0048,3.623,3.863,4.236188000000023,5.9450028212977974,1280,1024,"Micro-Star International Co., Ltd. B450M MORTAR (MS-7B89)",Windows 10 Home 1909 (OS Build 18362.1.amd64fre.19h1_release.190318-1202),AMD Ryzen 7 2700X Eight-Core Processor,16 GB DDR4 3000 MT/s,NA,NA,1,NVIDIA GeForce RTX 2060,0,-,0
OCAT-Sam2017.exe-2020-01-24T173548.csv,Sam2017.exe,332.12,3.0109,3.592,3.846,4.433267999999996,6.021624427220679,1280,1024,"Micro-Star International Co., Ltd. B450M MORTAR (MS-7B89)",Windows 10 Home 1909 (OS Build 18362.1.amd64fre.19h1_release.190318-1202),AMD Ryzen 7 2700X Eight-Core Processor,16 GB DDR4 3000 MT/s,NA,NA,1,NVIDIA GeForce RTX 2060,0,-,0
OCAT-Sam2017.exe-2020-01-24T174121.csv,Sam2017.exe,332.27,3.0096,3.56,3.817,4.2532200000000016,5.967357853699602,1280,1024,"Micro-Star International Co., Ltd. B450M MORTAR (MS-7B89)",Windows 10 Home 1909 (OS Build 18362.1.amd64fre.19h1_release.190318-1202),AMD Ryzen 7 2700X Eight-Core Processor,16 GB DDR4 3000 MT/s,NA,NA,1,NVIDIA GeForce RTX 2060,0,-,0
OCAT-Sam2017.exe-2020-01-24T174707.csv,Sam2017.exe,330.01,3.0302,3.539,3.786,4.193,6.013135146042476,1280,1024,"Micro-Star International Co., Ltd. B450M MORTAR (MS-7B89)",Windows 10 Home 1909 (OS Build 18362.1.amd64fre.19h1_release.190318-1202),AMD Ryzen 7 2700X Eight-Core Processor,16 GB DDR4 3000 MT/s,NA,NA,1,NVIDIA GeForce RTX 2060,0,-,0
OCAT-Sam2017.exe-2020-01-24T175243.csv,Sam2017.exe,329.48,3.0351,3.547,3.803,4.171156000000018,5.928503991431055,1280,1024,"Micro-Star International Co., Ltd. B450M MORTAR (MS-7B89)",Windows 10 Home 1909 (OS Build 18362.1.amd64fre.19h1_release.190318-1202),AMD Ryzen 7 2700X Eight-Core Processor,16 GB DDR4 3000 MT/s,NA,NA,1,NVIDIA GeForce RTX 2060,0,-,0

OCAT-Sam2017.exe-2020-01-24T175832.csv,Sam2017.exe,331.3,3.0184,3.6068499999999917,3.887,4.315034000000014,6.026716919303606,1280,1024,"Micro-Star International Co., Ltd. B450M MORTAR (MS-7B89)",Windows 10 Home 1909 (OS Build 18362.1.amd64fre.19h1_release.190318-1202),AMD Ryzen 7 2700X Eight-Core Processor,16 GB DDR4 3000 MT/s,NA,NA,1,NVIDIA GeForce RTX 2060,0,-,0
OCAT-Sam2017.exe-2020-01-24T180414.csv,Sam2017.exe,328.03,3.0485,3.669,3.922,4.283,6.046827804957268,1280,1024,"Micro-Star International Co., Ltd. B450M MORTAR (MS-7B89)",Windows 10 Home 1909 (OS Build 18362.1.amd64fre.19h1_release.190318-1202),AMD Ryzen 7 2700X Eight-Core Processor,16 GB DDR4 3000 MT/s,NA,NA,1,NVIDIA GeForce RTX 2060,0,-,0
OCAT-Sam2017.exe-2020-01-24T180955.csv,Sam2017.exe,330.5,3.0257,3.545,3.788,4.162,5.8909806237090026,1280,1024,"Micro-Star International Co., Ltd. B450M MORTAR (MS-7B89)",Windows 10 Home 1909 (OS Build 18362.1.amd64fre.19h1_release.190318-1202),AMD Ryzen 7 2700X Eight-Core Processor,16 GB DDR4 3000 MT/s,NA,NA,1,NVIDIA GeForce RTX 2060,0,-,0
OCAT-Sam2017.exe-2020-01-24T181539.csv,Sam2017.exe,333.57,2.9978,3.515,3.722,4.073453999999998,5.866802840801333,1280,1024,"Micro-Star International Co., Ltd. B450M MORTAR (MS-7B89)",Windows 10 Home 1909 (OS Build 18362.1.amd64fre.19h1_release.190318-1202),AMD Ryzen 7 2700X Eight-Core Processor,16 GB DDR4 3000 MT/s,NA,NA,1,NVIDIA GeForce RTX 2060,0,-,0
OCAT-Sam2017.exe-2020-01-24T182112.csv,Sam2017.exe,327.38,3.0546,3.62,3.869,4.350018999999985,6.070834767309413,1280,1024,"Micro-Star International Co., Ltd. B450M MORTAR (MS-7B89)",Windows 10 Home 1909 (OS Build 18362.1.amd64fre.19h1_release.190318-1202),AMD Ryzen 7 2700X Eight-Core Processor,16 GB DDR4 3000 MT/s,NA,NA,1,NVIDIA GeForce RTX 2060,0,-,0

OCAT-Sam2017.exe-2020-01-24T182700.csv,Sam2017.exe,332.43,3.0081,3.613,3.881,4.239745000000024,5.9832409466009695,1280,1024,"Micro-Star International Co., Ltd. B450M MORTAR (MS-7B89)",Windows 10 Home 1909 (OS Build 18362.1.amd64fre.19h1_release.190318-1202),AMD Ryzen 7 2700X Eight-Core Processor,16 GB DDR4 3000 MT/s,NA,NA,1,NVIDIA GeForce RTX 2060,0,-,0
OCAT-Sam2017.exe-2020-01-24T183236.csv,Sam2017.exe,326.47,3.0631,3.586,3.857,4.232975000000006,6.011778364923591,1280,1024,"Micro-Star International Co., Ltd. B450M MORTAR (MS-7B89)",Windows 10 Home 1909 (OS Build 18362.1.amd64fre.19h1_release.190318-1202),AMD Ryzen 7 2700X Eight-Core Processor,16 GB DDR4 3000 MT/s,NA,NA,1,NVIDIA GeForce RTX 2060,0,-,0
OCAT-Sam2017.exe-2020-01-24T183804.csv,Sam2017.exe,325.05,3.0764,3.589,3.846,4.262499999999999,6.090625714461312,1280,1024,"Micro-Star International Co., Ltd. B450M MORTAR (MS-7B89)",Windows 10 Home 1909 (OS Build 18362.1.amd64fre.19h1_release.190318-1202),AMD Ryzen 7 2700X Eight-Core Processor,16 GB DDR4 3000 MT/s,NA,NA,1,NVIDIA GeForce RTX 2060,0,-,0
OCAT-Sam2017.exe-2020-01-24T184332.csv,Sam2017.exe,325.62,3.071,3.589,3.866,4.273420000000013,6.082906361526112,1280,1024,"Micro-Star International Co., Ltd. B450M MORTAR (MS-7B89)",Windows 10 Home 1909 (OS Build 18362.1.amd64fre.19h1_release.190318-1202),AMD Ryzen 7 2700X Eight-Core Processor,16 GB DDR4 3000 MT/s,NA,NA,1,NVIDIA GeForce RTX 2060,0,-,0
OCAT-Sam2017.exe-2020-01-24T184900.csv,Sam2017.exe,330.15,3.0289,3.575,3.838,4.215695999999997,6.076708329551299,1280,1024,"Micro-Star International Co., Ltd. B450M MORTAR (MS-7B89)",Windows 10 Home 1909 (OS Build 18362.1.amd64fre.19h1_release.190318-1202),AMD Ryzen 7 2700X Eight-Core Processor,16 GB DDR4 3000 MT/s,NA,NA,1,NVIDIA GeForce RTX 2060,0,-,0
